BTN,COMPANY,MARITAL,GENDER,HOWLONG,RANK,EDUCATE,AGE,SUBNUM,JOBSAT11,JOBSAT21,JOBSAT31,JOBSAT12,JOBSAT22,JOBSAT32,JOBSAT13,JOBSAT23,JOBSAT33,READY11,READY21,READY31,READY12,READY22,READY32,READY13,READY23,READY33,COMMIT11,COMMIT21,COMMIT31,COMMIT12,COMMIT22,COMMIT32,COMMIT13,COMMIT23,COMMIT33
1022,6,1,1,2,12,2,20,1,2,1,3,1,1,3,2,1,2,3,1,5,3,1,2,2,1,3,2,2,4,4,1,3,2,2,4
1004,4,4,1,0,13,2,24,2,4,5,4,3,4,3,3,5,3,3,2,2,3,3,3,3,2,1,2,2,1,2,2,2,2,1,1
1022,2,2,1,0,15,2,24,3,4,4,5,4,3,4,3,5,3,4,3,2,4,4,2,5,4,3,3,3,4,4,4,4,4,4,4
299,2,2,1,1,14,2,23,4,3,3,2,3,3,2,3,4,3,2,3,3,3,4,3,3,3,2,2,4,4,3,4,3,3,3,3
3066,2,1,1,3,12,2,20,5,4,2,3,4,2,3,4,4,4,3,5,4,4,5,4,3,4,4,5,3,3,5,3,4,5,3,3
3066,4,1,1,2,21,5,23,6,2,3,3,3,5,3,2,4,4,2,2,1,3,2,2,2,1,1,2,3,4,2,3,3,2,3,4
299,2,1,1,2,13,2,19,7,5,4,4,5,2,1,5,2,1,2,2,1,2,2,1,1,1,1,3,2,2,5,3,1,3,5,2
1022,1,1,1,0,22,5,26,8,1,4,4,4,3,4,3,3,3,2,5,4,3,5,3,3,5,5,3,4,5,2,4,3,3,3,3
4042,3,2, ,5,15,3,29,9,5,5,5,5,5,4,5,4,5,5,5,4,5,4,4,5,5,5,5,5,2,5,5,4,5,5,3
3066,3,1,1,3,13,2,22,10,2,2,3,1,1,3,1,2,2,3,3,3,2,3,3,3,4,3,3,2,3,3,4,2,4,2,2
1022,2,1,1,2,13,2,19,11,2,3,2,2,2,4,3,3,2,2,5,2,2,5,4,2,5,4,2,3,3,4,4,4,4,5,3
124,1,2,2,1, ,3,34,12,5,5,4,4,3,3,4,4,3,5,2,2,3,3,3,3,3,3,4,3,2,4,3,3,3,2,2
4,1,2,1,0,16,2,39,13,3,5,2,4,5,3,2,5,3,1,1,1,2,1,2,1,2,2,4,5,4,3,5,3,4,5,3
1022,2,1,1,1,12,2,23,14,3,4,3,3,3,2,2,5,2,2,3,4,2,3,3,2,2,1,3,3,3,3,3,4,2,3,3
2008,4,1,1,2,12,2,19,15,4,4,3,3,4,4,4,5,5,4,5,5,4,5,5,3,4,3,3,4,3,2,3,4,2,3,4
3066,6,1,1,2,13,2,18,16,2,3,4,1,3,4,1,3,4,2,2,4,3,2,2,3,1,2,2,2,4,3,2,4,3,2,4
144,1,1,1,2,14,2,20,17,4,3,3,4,2,4,5,2,3,3,2,3,3,2,3,4,4,4,5,3,3,5,3,2,5,4,3
299,2,2,1,5,16,1,35,18,2,4,4,2,3,2,2,3,4,2,1,1,3,3,2,2,2,2,2,3,3,3,3,3,3,4,3
104,1,1,1, ,15,2,23,19,4,3,5,3,2,3,2,3,3,3,3,4,3,4,5,5,3,5,5,5,5,5,4,5,5,5,4
3066,2,1,1,2,21,5,24,20,5,5,5,4,4,5,4,4,3,4,4,3,4,4,4,4,4,4,3,3,4,4,5,5,2,3,3
2008,4,2,1,4,13,2,20,21,4,3,3,3,3,3,3,3,2,1,3,2,2,3,2,2,4,4,5,5,5,5,4,4,4,5,4
299,1,1,1,2,14,3,25,22,5,4,5,5,5,4,3,4,3,4,3,4,4,4,4,3,3,4,3,4,4,3,4,3,4,4,3
1000,6,2,1,1,13,2,22,23,4,4,4,5,4,4,3,3,4,2,3,2,5,3,5,4,3,2,3,4,4,4,2,4,3,4,4
3066,1,1, ,5,22,5,25,24,4,4,3,4,3,4,5,4,3,3,4,4,2,4,4,3,5,5,5,4,4,4,3,3,3,4,4
4,2,1,1,3,13,2,21,25,1,1,3,2,2,2,2,2,2,4,2,3,3,1,1,2,2,3,2,2,3,3,1,2,1,1,2
4,6,2,1,5,14,2,21,26,3,4,4,3,3,4,4,4,4,5,3,4,4,4,3,3,4,3,5,4,4,5,5,5,4,5,5
4042,2,2,1,3,22,5,24,27,5,4,4,4,3,4,4,1,4,3,4,5,4,5,5,2,4,3,5,5,5,5,5,5,5,5,5
4,4,1,1,1,13,3,19,28,1,4,2,2,2,3,1,4,4,3,3,3,2,2,3,3,2,2,3,4,4,3,3,2,3,5,3
1022,2,1,1,5,14,2,20,29,4,3,4,4,4,3,3,4,4,4,4,3,3,3,3,3,4,3,3,4,4,4,4,5,3,4,4
124,1,2,2,0,16,2,33,30,4,2,3,3,2,1,3,1,1,3,2,2,3,3,5,2,1,4,3,3,3,3,3,2,4,3,3
1022,4,1,1,4,13,2,25,31,4,4,3,3,2,4,3,4,4,3,2,3,4,4,5,1,3,2,4,3,3,4,3,4,5,5,5
4,3,1,2,0,11,2,20,32,4,2,4,3,2,3,4,2,5,5,3,3,4,3,3,3,3,4,4,3,2,3,1,1,3,3,2
3066,2,2,1,1,12,2,23,33,3,3,3,3,3,3,4,3,2,2,2,2,3,3,4,4,4,4,2,2,2,5,3,4,2,4,3
299,2,2,1,5,15,2,30,34,2,3,4,2,4,4,2,3,4,3,4,3,3,3,2,2,3,3,4,5,5,3,3,3,2,3,4
299,1,5,1,2,13,2,19,35,5,4,4,5,4,3,5,3,3,5,4,2,5,3,3,5,2,3,5,2,3,5,2,1,5,4,2
3066,4,2,1,5,14,4,27,36,4,4,4,4,4,4,4,3,3,4,4,5,4,5,3,5,4,3,4,4,4,4,4,4,3,4,4
3066,3,2,1,5,17,4,41,37,4,5,4,5,5,4,5,3,5,1,3,3,4,3,3,4,5,3,3,3,4,5,4,4,4,4,3
2008,4,1,1,2,12,2,20,38,3,2,3,2,2,4,3,3,2,4,4,3,4,5,4,4,3,2,3,2,2,3,3,2,4,3,3
3066,2,2,1,5,14,2,21,39,1,2,5,1,2,3,1,3,4,4,3,2,5,4,4,5,3,3,5,5,4,5,5,4,5,5,3
4,4,2,1,3,13,2,25,40,2,2,2,2,1,3,3,1,1,2,3,2,3,3,3,2,3,3,5,3,4,4,3,3,4,3,2
1000,6,1,1,2,14,4,26,41,2,2,2,1,2,2,2,2,2,4,3,3,2,3,3,2,3,1,3,2,2,3,5,3,4,4,4
4000,7,1,1,0,16,5,30,42,4,5,4,4,5,4,3,4,4,4,4,4,4,3,4,4,3,5,5,5,5,5,5,4,5,5,5
1022,6,2,1,3,22,5,24,43,4,2,4,3,2,3,2,2,3,1,1,1,2,3,2,3,2,1,5,5,3,5,5,4,5,5,5
299,3,2,1,3,15,2,31,44,5,4,4,4,3,2,3,3,2,4,3,3,3,2,3,4,3,2,4,4,4,4,2,3,3,1,3
124,1,2, ,5,17,2,40,45,5,5,5,4,4,2,4,5,4,4,3,4,5,5,4,4,4,3,4,5,4,4,4,4,5,5,5
1022,2,2,1,2,15,2,25,46,2,3,4,1,3,3,3,4,5,3,3,2,4,3,2,4,5,3,5,4,4,4,4,2,4,4,5
4,6,2,1,0,16,3,34,47,5,4,4,4,3,4,5,3,4,2,2,2,1,3,3,2,2,2,5,4,4,4,4,3,5,4,3
1022,6,2, ,1,19,4,38,48,5,4,5,5,4,3,5,4,5,5,4,4,5,4,3,5,3,3,5,5,5,5,4,5,5,5,5
299,2,2,1,4,23,5,30,49,5,4,4,5,5,5,5,5,5,4,5,5,5,5,5,5,5,5,5,4,5,5,5,5,4,4,4
1022,1,1,1,2,12,2,20,50,4,5,1,3,5,1,4,5,1,2,2,3,3,3,3,3,4,2,5,3,1,2,2,1,3,3,3
3066,3,2,1,1,23,5,28,51,4,4,4,4,5,3,3,4,3,3,3,4,3,3,3,2,3,3,5,4,4,5,4,4,4,3,5
299,6,2,1,1,14,4,30,52,4,3,3,4,4,4,5,3,3,5,5,4,4,5,4,5,5,3,3,4,3,3,4,4,4,3,3
144,1,2,1,5,15,2, ,53,4,5,5,5,5,5,3,4,3,4,2,4,4,4,5,5,4,5,3,4,3,3,3,2,4,3,2
2008,4,1,1,3,22,5,25,54,5,3,3,5,2,3,5,2,3,5,1,1,5,1,3,5,1,3,3,2,3,2,1,3,1,1,3
3066,1,2, ,0,15,2,28,55,5,4,4,5,5,5,3,3,3,2,4,3,4,3,3,2,3,3,3,3,5,3,4,5,4,5,5
1022,6,1,1,2,13,2,19,56,4,3,1,5,5,2,4,3,1,2,2,2,2,3,3,2,3,1,5,5,4,5,4,3,5,5,3
3066,6,1,1,3,13,2,21,57,4,3,3,2,4,4,2,2,3,3,5,5,3,3,4,3,2,4,3,2,2,3,3,3,3,5,4
3066,1,1,1,1,21,5,23,58,4,1,1,5,2,1,5,3,2,2,3,5,2,3,3,1,2,4,5,5,4,4,3,3,4,5,3
3066,6,2,1,1, ,5,35,59,4,5,4,3,4,3,4,5,5,3,4,3,3,4,5,3,3,5,4,4,4,5,4,5,3,3,4
3066,6,3,1,5,14,4,27,60,3,3,2,1,3,1,4,3,3,2,2,3,2,2,2,2,3,2,3,3,2,2,3,2,3,2,1
3066,6,1,1,2,13,2,19,61,4,3,4,4,3,2,3,2,4,3,5,3,4,5,5,3,5,3,4,2,3,3,3,5,4,2,4
1022,1,2,1,4,14,2,24,62,1,4,4,3,4,5,3,4,4,4,3,4,2,3,2,2,3,4,5,4,4,5,4,4,5,3,2
1010,4,2,1,2,32,4,36,63,5,4,3,3,4,2,5,3,3,3,4,3,5,4,2,3,5,2,4,4,4,5,4,3,4,4,2
1004,2,2,1,1,13,2,21,64,5,3,3,4,2,2,5,3,3,4,3,5,5,4,3,4,4,4,4,3,2,2,2,2,3,3,2
1022,6,1,1,3,13,1,19,65,3,1,3,3,1,3,3,1,2,3,5,5,4,4,3,3,4,4,4,5,5,3,4,5,2,4,5
3066,2,2,1,5,16,2,33,66,4,5,5,4,4,4,5,3,3,3,4,5,3,3,3,3,4,5,2,4,4,3,5,3,5,5,4
3066,4,2,1, ,15,2,28,67,3,4,4,4,5,4,4,4,4,3,3,3,4,4,4,4,3,3,4,4,5,4,4,2,4,4,5
1022,6,2,1,4,15,2,42,68,5,5,4,5,5,2,5,5,4,3,4,5,3,4,3,3,3,3,5,5,5,5,5,4,4,5,4
4042,8,1,1,0,12,3,20,69,4,5,4,4,5,4,3,5,4,5,5,3,4,5,4,4,5,5,4,5,4,4,5,3,5,5,4
3066,2,2,1,5,15,2,30,70,5,4,2,4,4,1,4,5,2,3,4,2,3,2,3,3,3,2,5,4,3,5,3,1,3,4,2
1022,2,2,1,2,15,3,25,71,4,4,2,5,5,4,4,5,3,3,4,2,1,3,2,2,4,2,5,4,3,4,5,5,5,5,5
2004,6,2,1,5,22,5,25,72,4,4,4,4,5,5,4,5,5,2,3,3,3,3,2,2,2,3,3,5,4,3,5,3,3,5,3
1022,4,2,1,3,15,2,30,73,2,3,3,3,4,4,4,5,5,4,4,5,2,3,4,3,3,3,5,3,4,2,2,2,3,3,3
1000,6,2,1,3,14,2,23,74,5,5,5,5,5,5,5,5,5,4,5,5,4,5,4,5,5,5,3,5,4,5,5,5,4,5,5
3066,3,1,1,4,13,2,21,75,2,2,3,2,2,2,1,1,1,3,4,5,3,3,5,2,3,5,2,3,2,3,3,2,3,4,2
1022,1,2,1,2,15,2,29,76,4,5,4,3,5,3,3,5,4,3,5,2,3,5,4,2,5,3,5,5,3,3,5,3,2,5,3
3066,4,1,1,2,12,2,19,77,4,5,3,4,4,3,3,2,4,4,4,4,3,4,5,2,3,4,3,4,4,2,3,4,3,3,4
299,3,2,1,2, ,2,19,78,3,3,2,2,3,3,5,4,3,4,5,4,4,4,3,4,5,3,3,4,3,2,2,4,3,4,4
3066,2,1,1,3,23,5,28,79,4,4,4,4,3,4,4,3,5,4,4,4,4,3,3,4,4,4,5,4,5,3,2,4,4,4,4
1000,6,2,1,2,14,2,26,80,3,5,2,4,4,2,5,4,3,3,1,3,3,2,3,3,3,3,3,4,4,4,4,4,5,5,4
299,6,1,2,1,14, ,23,81,2,3,2,3,3,3,2,2,1,1,2,2,1,2,1,1,1,1,2,2,3,3,2,2,2,2,3
2004,6,2,1,3, ,6,37,82,4,3,3,3,1,3,5,3,3,5,5,5,5,4,4,4,5,4,5,4,5,5,4,5,3,3,4
4042,3,2,1,1,21,5,25,83,4,5,4,5,5,5,5,5,4,4,5,3,3,4,4,4,4,5,4,4,4,5,5,4,5,5,5
3066,4,1,1,2,13,2,19,84,3,4,3,1,3,2,3,5,3,3,4,3,5,4,3,3,4,3,3,3,4,4,3,4,4,3,5
4042,2,1,1,2, ,2,19,85,5,2,3,5,2,3,5,1,3,5,4,2,5,5,4,5,3,3,5,3,2,5,2,4,5,3,3
3066,1,2,1,0,15,3,24,86,3,2,5,5,4,5,4,1,4,2,2,3,3,2,4,4,2,4,4,1,2,5,3,3,4,2,4
3066,3,1,1, ,21,5,23,87,3,2,4,1,1,3,3,2,4,4,4,3,2,2,2,3,3,4,5,5,4,5,5,5,4,5,4
4042,2,2,1,5,15,4,33,88,2,3,4,4,4,3,2,2,4,2,3,2,1,3,3,2,1,3,3,2,2,4,3,3,4,4,3
299,3,2,1,4,15,2,34,89,1,2,2,3,3,4,3,3,3,3,1,3,3,4,3,3,3,3,3,3,4,4,5,4,2,3,2
404,6,2,1,0,16,4,30,90,5,4,3,3,3,3,3,3,3,4,4,3,2,2,3,2,2,3,5,3,4,5,5,5,5,4,4
3066,6,1,1,2, ,3,18,91,3,3,2,5,2,2,3,4,3,2,3,2,2,1,3,2,3,2,4,2,3,2,2,2,2,2,2
1022,6,1,1,0,22,5,25,92,4,4,5,4,4,5,5,5,5,3,4,4,3,4,5,3,4,5,5,5,5,4,4,3,4,4,3
4,1,1,1,5,14,2,20,93,2,2,3,3,3,2,1,2,2,3,3,1,3,3,3,3,3,3,4,4,3,4,3,2,4,4,4
3066,2,1, ,2,13,2,18,94,3,1,4,3,2,4,4,2,5,2,3,4,4,2,3,4,4,5,3,3,4,4,4,4,2,3,2
4042,8,1,1,5,14,2,25,95,3,4,3,4,4,4,2,3,4,3,2,4,3,4,2,4,4,4,3,3,3,2,3,4,4,3,3
4042,2,1,1,4,22,5,23,96,4,3,4,3,2,2,4,2,4,5,5,4,4,4,4,4,3,5,5,5,3,4,5,4,5,5,3
3066,3,1,1,3,13,3,23,97,1,1,2,1,2,1,1,1,1,4,2,2,3,3,2,2,1,1,2,3,3,1,4,3,2,2,2
3066,1,1,1,2,13,2,19,98,2,3,4,1,3,4,1,3,3,1,3,3,2,4,4,1,3,2,2,2,2,3,3,3,3,1,2
4,1,2,1,0,15,2,31,99,3,4,5,2,5,5,3,4,5,4,3,3,3,1,2,4,4,4,4,4,5,5,4,5,3,4,4
3066,3,4,1,2,15,2,31,100,4,3,3,4,3,4,4,4,3,4,4,4,3,5,4,3,4,3,4,3,4,4,3,3,3,3,3
3066,4,1,1,2,12,2,20,101,3,2,1,3,2,1,5,4,2,3,4,1,2,3,2,3,3,1,5,3,3,5,2,3,4,2,3
4042,8,1,1,3,13,2,21,102,3,4,3,2,4,2,3,3,3,2,1,3,4,4,1,3,3,4,2,3,4,4,4,4,3,2,3
4042,1,1,1,1,21,5,24,103,2,2,4,1,2,4,3,2,3,5,2,3,5,2,3,4,3,4,2,4,4,4,4,2,4,4,2
4042,2,1,1,2,12,2,19,104,5,2,4,5,2,4,5,3,3,5,3,2,5,4,4,5,2,2,5,3,2,5,3,3,5,3,2
299,6,1,1,0,13,2,21,105,3,3,2,4,3,4,4,3,3,4,3,3,3,3,4,2,2,3,2,3,4,3,3,4,4,4,5
4,1,1,1,3,13,2,21,106,3,5,3,2,5,3,1,5,2,4,2,2,4,3,3,3,2,3,4,1,2,4,3,3,4,2,3
4,1,2,1,0,17,4,36,107,4,5,4,3,5,3,4,5,3,3,3,4,2,3,3,3,3,3,4,3,4,5,3,5,5,4,3
3066,6,3,1,3, ,3,22,108,5,5,5,5,5,5,5,5,5,5,5,5,5,5,5,5,5,5,5,5,5,5,5,5,5,5,5
3066,6,2,1,1,23,5,33,109,3,4,3,4,3,3,4,4,2,5,5,5,5,3,4,5,3,4,3,3,4,3,2,2,3,2,4
299,1,1,1,2,15,2,30,110,3,5,5,2,5,5,3,5,5,1,5,5,2,5,5,2,5,5,4,5,5,5,5,5,3,5,5
3066,6,1,1,2,12,2,20,111,2,2,2,2,2,2,3,2,3,2,3,3,1,4,2,3,1,2,3,1,2,3,3,2,3,2,3
1022,1,1,1,1,12,2,22,112,4,3,2,5,5,3,4,4,2,5,3,2,4,3,3,5,4,3,3,4,1,4,5,3,3,4,4
3066,3,2, ,5,16,2,32,113,3,3,4,3,4,4,4,3,4,3,1,4,3,2,3,4,5,4,4,3,3,3,5,5,3,4,5
3066,4,2,1,4,15,5,31,114,5,4,5,4,3,4,5,4,4,4,4,3,3,3,4,3,2,4,2,4,4,4,3,3,4,4,4
2004,4,2, ,2,14,2,28,115,5,5,5,4,4,5,4,5,5,2,2,2,2,3,3,1,3,2,3,4,5,2,3,5,3,3,3
1004,4,2,1,5,14,3,23,116,2,1,1,4,2,2,2,2,1,2,1,1,2,1,1,3,2,3,2,2,2,3,2,2,2,3,2
1022,2,2,1,2,15,2,31,117,2,2,2,1,2,1,3,3,2,3,2,4,2,2,3,3,3,3,3,3,3,2,1,3,3,1,3
299,1,1,1,2,13,2,19,118,4,3,3,3,3,3,2,2,3,3,1,3,3,1,3,1,1,4,3,4,2,3,5,5,2,3,2
4042,8,2,1,5,17,4,40,119,4,5,4,4,5,5,3,5,3,3,3,4,3,2,3,2,3,4,5,5,4,3,4,4,4,5,3
1022,1,2,1,5,16,2,31,120,3,3,3,4,3,4,3,4,4,3,5,3,2,3,2,4,4,3,4,3,4,3,3,3,3,2,3
4,3,1,1,0,14,2,21,121,1,1,2,2,2,3,1,1,2,2,4,3,1,2,2,2,3,3,1,1,3,1,1,3,1,2,3
299,3,2,1,2,21,5,24,122,3,1,3,4,2,3,3,3,3,4,5,4,4,3,3,3,5,4,5,5,3,4,2,4,2,3,2
4042,8,2,1, ,15,2,31,123,3,3,5,3,3,4,2,3,3,4,2,3,4,3,5,4,3,4,4,3,5,3,3,4,4,2,4
4042,2,2,1,4,13,2,20,124,5,5,5,5,5,5,5,5,5,4,5,5,4,5,5,5,5,5,4,5,5,3,5,5,5,5,5
1022,6,2,1,4,16,2,35,125,1,4,4,2,4,5,2,3,4,2,3,2,4,4,3,3,4,3,2,4,2,2,3,3,3,3,4
2008,4,5,1,5,14,2,20,126,4,4,2,3,4,3,3,4,4,4,4,2,2,3,2,3,3,4,3,4,4,4,4,4,3,4,2
3066,6,2,1,3,16,2,36,127,4,4,3,4,5,5,3,3,3,2,2,4,3,3,4,3,5,5,3,3,5,4,3,5,5,3,5
4,1,2,1,5,16,2,31,128,4,3,3,3,4,3,3,3,3,4,2,2,3,2,1,2,2,1,3,3,3,3,3,5,3,2,2
4042,1,2,1,2,16,2,26,129,4,5,5,3,5,5,2,4,3,3,3,4,4,2,3,3,3,3,5,4,5,5,4,4,5,5,3
4,1,2,1,5,18,5,44,130,4,5,3,5,5,3,5,5,3,4,4,4,3,2,3,4,5,5,5,5,4,5,5,3,4,5,5
404,2,2,2,2,23,5,33,131,5,4,5,4,5,4,4,4,3,5,5,3,5,5,4,5,5,2,5,5,4,5,5,5,4,4,4
4042,2,4,1,5,16,2,35,132,2,5,3,3,4,3,3,4,4,1,4,2,1,2,1,2,3,3,3,5,5,3,4,4,2,3,5
3066,1,2,1,0,21,5,23,133,4,5,4,3,4,5,3,3,4,3,3,4,2,2,4,4,5,5,4,5,4,4,3,5,5,4,4
3066,1,1,1,2,13,2,19,134,1,5,4,1,5,3,1,5,3,5,2,4,5,2,5,5,1,5,2,3,4,4,4,4,2,3,4
3066,6,1,1,0,11,2,18,135,5,3,4,3,2,3,4,3,3,4,1,4,4,2,4,4,3,4,3,3,4,3,3,3,5,4,5
3066,3,1,1,2,12,2,18,136,4,4,4,3,2,3,2,4,4,3,4,5,2,4,5,3,4,4,2,4,3,3,3,4,2,3,4
124,1,2,1,2,16,3,31,137,4,4,5,4,4,4,3,3,4,2,4,2,3,1,3,3,3,3,3,4,5,3,5,5,4,4,5
4042,8,1,1,2,12,3,19,138,4,4,2,5,4,4,4,3,3,3,3,3,2,2,3,3,3,2,5,4,3,5,5,2,5,3,3
104,6,3,1,2,18, ,40,139,3,4,5,3,4,5,1,3,4,3,5,5,3,4,3,1,3,4,3,5,3,3,4,5,3,4,5
1000,6,2,1,4,15,2,28,140,2,3,4,2,3,3,4,4,3,3,4,4,2,2,4,3,3,4,4,4,5,4,4,5,3,4,5
3066,6,1,1,2,13,2,19,141,2,2,3,4,3,5,1,1,4,3,2,4,3,3,4,3,2,4,2,3,4,1,2,4,2,2,4
3066,2,1,1,4,14,2,23,142,5,5,5,5,3,5,5,5,5,2,5,4,4,5,4,3,5,4,4,5,3,3,3,2,3,3,3
3066,2,1,1,2,13,2,19,143,4,3,4,4,5,4,3,5,3,3,3,3,3,3,4,4,4,2,2,2,3,3,3,1,5,4,5
404,6,1,1, ,23,6,28,144,4,4,4,4,3,3,3,4,2,4,4,4,4,4,4,3,3,3,5,4,3,5,4,5,5,5,4
1022,1,1,1,1,14,2,23,145,4,5,5,2,5,5,4,5,5,3,5,5,5,5,5,4,5,5,3,5,5,3,5,5,2,5,5
4042,2,2,1,2,15,2,31,146,4,4,4,4,3,3,5,3,5,2,3,3,2,4,3,2,2,4,4,5,5,5,5,5,4,4,5
299,1,2,1,2,21,5,23,147,5,5,4,4,4,3,4,3,4,3,4,2,2,4,3,3,4,3,3,4,3,5,3,4,3,3,3
3066,1,1,1,0,13,2,19,148,2,2,5,4,2,5,4,3,5,5,3,3,4,4,3,3,3,3,4,4,5,4,4,5,4,2,5
3066,1,2,1, ,15,2,30,149,4,3,4,4,2,4,4,3,3,2,2,2,3,4,4,3,4,4,5,3,5,4,3,5,3,2,4
1010,5,2,1,5,15,2,36,150,4,3,3,4,3,3,3,4,4,2,3,4,3,3,3,4,4,3,4,1,3,2,2,3,4,2,3
1022,2,2,1,3,17,2, ,151,4,3,3,5,3,3,4,4,5,1,3,5,3,4,5,3,4,5,4,4,3,2,4,3,3,3,4
3066,4,1,1,1,23,5,32,152,5,4,4,5,5,4,5,5,4,5,5,5,4,4,4,5,5,5,5,5,4,5,5,5,5,4,5
1000,6,2,2,2,14,2,24,153,3,3,3,3,3,2,5,3,3,4,1,2,4,3,2,3,5,3,3,3,2,3,3,2,3,3,3
3066,3,2,1,2,17,2,35,154,4,4,5,4,4,5,4,5,4,2,3,2,4,4,3,2,4,3,4,5,4,3,4,4,4,5,3
3066,6, ,1,4,16,4,40,155,4,3,5,4,4,4,4,3,4,3,2,2,3,3,4,3,4,5,4,3,2,4,3,4,4,2,4
1022,1,1,1,1,12,2,20,156,1,2,4,1,1,4,2,1,5,3,2,4,3,2,3,2,1,3,4,2,3,4,1,3,5,1,3
1022,1,4,1,4,16,2,38,157,5,3,4,5,4,5,5,4,5,5,5,5,5,2,3,5,4,4,5,5,5,4,3,5,5,4,5
124,1,2,1,0,12,3,24,158,1,5,4,2,5,4,1,5,5,1,5,5,1,5,4,2,4,3,1,4,3,1,5,4,2,5,3
3066,2,2, ,4,14,2,24,159,5,3,3,3,3,3,4,4,2,3,2,2,3,1,2,3,2,2,4,3,3,5,3,3,5,3,2
2004,6,2,2,3,15,2,40,160,5,4,3,3,5,4,3,5,4,4,3,5,3,3,4,3,3,4,4,4,4,5,5,5,5,5,5
1010,5,1,1,2, ,2,23,161,4,3,5,3,4,5,4,4,5,2,3,3,2,1,2,3,3,2,3,3,5,4,2,5,2,2,5
1022,2,2,1,3,23,5,28,162,3,5,3,5,4,5,5,4,4,3,4,3,3,5,5,2,4,3,4,5,5,5,4,5,4,4,4
299,3,2,1,4, ,2,26,163,2,1,3,4,1,4,3,3,4,4,2,3,5,4,4,3,3,4,4,4,5,4,4,5,4,4,3
2004,6,2,1,5,23,5,30,164,3,2,2,3,2,2,3,2,1,4,5,4,4,5,4,2,3,4,5,4,5,4,5,3,5,4,4
3066,2,1,1,4,13,2,21,165,3,4,4,2,3,5,2,4,4,3,4,5,4,4,5,3,3,5,5,3,4,4,3,4,4,3,4
299,1,2,1,2,12,2,23,166,1,3,2,1,3,2,2,3,3,4,3,3,3,1,1,2,2,3,5,4,2,4,5,4,5,5,4
3066,6,1,1,2,13,2,19,167,2,1,2,2,2,3,3,3,3,3,2,4,3,3,4,2,2,3,3,4,3,2,3,3,3,2,4
4042,8,2,1,0,17,2,43,168,4,4,5,3,5,4,5,4,5,4,3,3,4,4,3,3,2,2,5,5,5,4,5,5,5,5,5
4,6,2,2,3,15,2,25,169,5,4,4,4,4,4,3,4,4,5,5,5,3,5,5,4,5,5,4,5,3,3,5,3,3,5,1
3066,3,1,1,2, ,2,23,170,3,5,2,3,5,3,3,5,4,1,5,1,1,5,1,2,5,1,1,5,2,4,5,2,4,5,2
4042,1,1,1,5,22,5,25,171,5,5,5,4,3,5,3,3,5,3,3,5,5,5,5,3,4,5,4,5,5,5,5,5,5,4,5
4042,6,2,1,1,23,5,29,172,4,3,3,5,3,3,4,3,2,3,2,3,4,2,4,4,3,3,5,5,5,5,5,4,5,5,5
3066,1,1,1,2,12,2,20,173,3,3,2,2,3,3,2,3,3,2,5,3,3,5,2,1,5,3,2,5,3,1,5,4,2,5,4
4,1,2,1,5,14,3,21,174,3,3,4,3,2,4,4,3,3,2,3,2,2,2,3,2,3,1,1,3,3,1,3,2,1,2,2
4,1,2,1,3,15,2,33,175,4,3,5,3,5,4,4,3,4,3,1,2,2,2,2,1,1,1,5,4,4,5,4,5,5,5,5
1022,1,4,1,1,14,2,26,176,5,1,5,5,1,3,5,1,5,5,1,3,5,2,4,5,1,5,5,2,5,5,2,4,5,1,5
1022,1,1,1,2,13,2,19,177,4,3,3,4,4,2,4,4,3,4,3,3,5,4,3,4,4,3,4,4,5,4,4,3,4,3,4
3066,6,4,1,5,17,2,38,178,2,1,1,2,2,1,2,2,1,5,3,1,3,4,2,3,4,1,4,5,3,4,4,4,4,4,2
3066,6,2,1,5,15,2,35,179,1,2,4,2,4,4,2,3,4,3,3,4,2,2,4,2,3,4,3,4,4,3,4,3,4,4,4
299,6,2,1,2,14,4,31,180,4,4,3,5,4,2,4,4,3,5,5,4,5,4,4,4,4,4,5,3,4,3,5,4,4,4,4
124,1,2,1,3,13,2,20,181,4,2,3,5,3,3,4,4,3,4,2,3,3,4,3,3,2,3,3,3,3,3,1,1,3,3,3
144,1,1,1,2,21,5,23,182,4,3,4,3,3,3,3,3,3,3,3,5,4,5,5,3,4,4,4,4,3,4,4,4,3,4,4
704,1,2,1,0,11,2,19,183,3,4,3,5,4,4,4,5,4,5,4,3,5,4,3,4,3,3,5,5,2,4,4,3,4,4,3
3066,4,2,1,3,15,2,29,184,3,5,3,4,5,4,3,5,4,5,5,5,4,5,4,3,5,4,4,5,5,4,5,4,4,5,5
3066,2,2,1,0,15,2,31,185,4,3,4,5,3,4,5,3,5,3,4,5,4,2,4,4,3,3,5,3,5,5,4,5,5,4,5
3066,1,1,1,5,13,2,19,186,5,2,4,5,2,4,5,2,3,4,5,4,3,4,4,4,4,4,5,3,4,4,3,4,3,2,3
299,1,2,1,3,13,2,21,187,4,5,3,5,5,4,4,5,3,4,5,3,3,5,3,5,5,4,5,5,4,5,5,5,4,5,3
3066,2,1,1,2,12,2,18,188,4,3,2,3,4,1,4,4,1,4,4,2,3,3,2,3,3,3,4,3,2,4,5,2,4,4,1
1000,6,2,1,0,17,2,37,189,5,3,3,4,4,4,4,5,4,2,3,1,1,3,1,1,3,1,4,4,3,4,3,3,4,4,2
4,1,2, ,2,16,2,33,190,5,3,4,5,3,3,5,4,4,5,5,3,5,3,1,5,3,2,5,5,4,5,5,4,5,5,4
3066,3, ,1,0,22,5,24,191,5,3,5,5,2,5,5,2,5,5,1,5,5,5,5,5,2,5,5,4,5,5,3,5,5,3,5
3066,2,1,1,2,15,2,26,192,5,3,2,4,3,3,4,3,1,4,4,4,4,3,3,3,4,4,5,5,4,4,5,3,5,4,3
299,2,4,1,0,11,2,22,193,5,1,4,5,2,3,5,3,4,5,2,3,5,2,3,5,3,2,3,4,2,3,5,3,3,5,4
1022,1,1,1,4,14,2,22,194,2,3,2,5,5,3,3,4,3,3,4,3,2,3,3,4,4,4,4,4,3,3,3,3,3,3,3
3066,2,1,1,0,11,2,26,195,4,2,2,3,2,1,4,4,1,3,4,4,4,4,3,2,4,2,5,5,3,5,4,2,3,4,3
1022,2,2,1,2,12,2,20,196,5,4,4,4,3,4,5,2,5,2,4,4,3,4,3,2,3,3,3,4,4,4,3,4,3,3,3
4042,6,2,1,1,16,4,27,197,1,1,2,1,2,2,1,2,1,4,3,5,2,2,4,3,1,5,4,4,4,5,3,5,4,3,5
3066,4,2,1,2,16,3,28,198,4,3,5,3,4,4,3,4,4,3,4,5,4,3,5,3,2,3,4,4,4,2,3,1,3,3,3
4000,7,2,1,0,14,2,27,199,4,3,3,5,3,4,3,5,4,3,5,5,2,5,3,1,4,3,4,4,3,5,4,3,3,3,3
3066,6,1,1,2,12,2,19,200,3,4,1,3,1,2,4,4,3,2,2,3,3,3,3,2,3,4,3,3,3,4,3,4,2,3,3
1022,6,1,1,3,22,5,25,201,4,5,4,3,4,4,4,3,4,4,4,5,3,3,3,2,4,3,4,4,4,4,3,4,5,5,4
4042,1,1,1,2,13,2,19,202,2,3,4,1,1,4,1,2,4,2,1,4,3,1,4,3,3,5,3,3,2,3,3,3,3,1,2
299,3,1,1,2,13,2,19,203,3,2,1,4,1,1,3,2,2,4,4,2,5,3,2,4,3,2,4,2,3,2,2,4,3,2,4
299,1,2,1,2,15,2,26,204,1,3,2,2,2,2,3,3,3,3,3,4,3,4,4,2,2,2,4,4,4,3,3,4,3,3,4
1022,6,3,1,5,15,2,26,205,4,5,2,3,2,1,3,3,1,5,1,1,5,3,3,3,1,1,5,4,3,5,5,3,4,5,2
3066,4,1,1,3,13,2,20,206,3,4,5,2,3,5,2,4,5,3,2,3,1,2,4,3,3,4,1,3,2,2,3,3,2,3,3
1000,6,2,1,3,15,2,29,207,4,4,3,3,3,3,3,3,5,3,3,4,3,4,2,3,2,1,1,3,3,2,3,4,1,2,3
144,1,2,1,5,14,2,21,208,2,5,3,4,5,3,3,5,2,5,5,3,3,5,3,2,5,3,5,5,4,4,4,4,3,3,3
3066,2,1,1,2,13,2,19,209,3,4,3,3,4,2,3,4,3,5,3,3,5,2,2,5,3,5,4,4,3,3,2,4,4,2,3
4,4,1, ,5, ,4,32,210,4,3,5,4,5,5,5,5,5,4,4,3,4,3,4,3,4,4,4,5,4,5,3,4,4,5,4
1022,6,1,1,3,13,2,20,211,2,4,3,4,3,4,4,4,4,2,1,4,4,2,4,4,2,5,4,2,3,4,3,3,4,4,3
3066,3,2,1,5,14,2,24,212,3,4,4,5,5,4,5,4,5,3,2,4,5,4,5,5,5,4,3,3,3,5,5,5,4,5,5
1022,1,1,1,2,12,2,18,213,2,3,5,1,3,4,2,3,4,2,5,5,2,4,5,2,4,5,4,3,5,1,2,4,2,4,5
404,2,2,1,4,16,3,32,214,3,4,5,5,3,5,3,4,5,3,4,3,2,4,2,4,4,4,5,5,5,3,4,2,4,4,4
2008,4,2,1,0,15,2,28,215,5,4,4,3,3,3,5,5,5,3,4,3,4,4,3,3,3,3,3,4,4,4,4,3,4,4,3
4,1,4,1,5,15,2,29,216,3,4,4,3,3,3,2,4,5,3,3,3,3,3,3,3,3,2,3,3,4,2,4,4,4,4,4
104,1,2,1,0,14,2,23,217,2,1,5,2,1,5,1,2,5,4,1,5,2,2,5,3,2,5,4,1,5,4,1,5,1,1,5
3066,2,2,1,2,13,2,24,218,4,4,4,5,4,4,4,4,4,3,3,4,3,4,5,3,3,3,4,3,4,5,3,5,4,3,4
4042,2,2,1,0,14,2,21,219,2,4,2,1,3,2,3,4,2,3,3,3,4,3,4,5,4,5,2,3,3,3,5,4,1,5,4
2008,4,2,1,3,15,2,32,220,4,3,4,3,5,4,4,4,4,2,5,4,3,5,4,3,4,4,3,3,2,2,5,4,2,3,2
3066,1,1,1,1,13,2,19,221,2,2,2,4,4,3,2,4,3,3,4,2,4,4,2,3,5,2,4,5,3,3,4,4,3,4,2
3066,2,2,1,2,17,2,36,222,5,4,4,4,5,5,5,5,5,4,5,5,4,4,5,3,3,5,5,4,5,5,5,4,5,4,5
144,1,1,1,4,13,3,20,223,1,3,2,2,3,3,1,3,3,2,2,3,2,3,2,3,2,4,4,2,3,4,3,4,2,2,2
3066,2,2,1,2,15,2,33,224,4,1,2,5,3,4,4,2,4,4,1,2,3,2,2,5,3,3,4,3,3,3,3,2,3,2,2
2008,4,4,1,2,15,2,24,225,3,5,1,4,5,2,3,5,2,1,1,2,1,2,2,1,2,1,5,1,3,4,1,3,4,2,3
1022,6,2,1,0,15,2,24,226,4,4,5,4,4,3,4,3,4,3,4,4,3,3,2,4,3,4,3,4,3,5,4,4,4,4,5
4000,7,1,1,4,14,2,20,227,5,5,5,5,5,5,5,5,5,3,5,5,3,5,4,5,5,5,5,5,4,4,5,5,4,5,5
3066,2,2,1,1,12,2,19,228,3,3,4,3,3,3,4,3,5,4,3,3,4,4,4,4,3,3,3,3,3,5,5,4,5,3,4
2008,4,2,1,5,14,2,32,229,4,3,3,2,4,4,3,3,4,3,4,3,2,3,3,4,3,3,4,3,3,4,3,5,4,4,3
1000,6,2,1,2,22,5,25,230,2,2,2,3,2,3,4,2,2,1,3,2,2,3,3,3,3,2,3,3,3,4,5,4,3,2,4
144,1,1,1,2,13,2,25,231,2,2,1,3,3,1,3,1,1,4,3,3,3,1,2,3,2,1,4,3,4,4,5,5,4,5,5
1000,6,4,1,0,24,5,35,232,3,2,2,4,3,1,3,4,2,2,4,5,4,3,5,2,3,5,5,5,4,5,4,3,5,5,3
3066,6,1,1,2,13,2,19,233,1,2,5,1,1,5,3,1,5,3,2,5,2,2,5,2,1,5,5,4,5,2,2,5,3,2,5
1022,6,1,1,4,13,2,20,234,5,3,4,4,4,3,4,4,2,5,3,2,5,3,1,4,3,2,5,4,4,4,4,1,4,4,5
3066,4,1,1,1, ,5,26,235,5,5,4,4,5,3,4,4,3,5,4,5,2,3,4,3,4,5,4,4,3,5,3,3,5,5,5
124,1,2,1,2,16,4,30,236,3,4,3,3,4,4,3,4,4,3,2,3,1,2,4,4,4,5,2,2,5,3,3,5,4,4,5
2004,4,2,1,3,15,4,32,237,4,3,2,3,3,2,5,4,3,4,1,1,2,2,1,2,1,3,3,3,3,3,3,2,2,1,2
4,1,2,1,2,17,3,34,238,4,4,4,3,2,3,4,4,4,3,4,3,3,4,2,3,4,2,4,3,4,4,5,5,5,5,5
3066,3,5,1,2,15,2,26,239,3,2,2,2,3,2,2,3,1,3,2,1,3,2,1,4,4,3,5,4,5,5,4,5,5,4,5
3066,2,1,1,2,13,2, ,240,4,5,2,3,5,3,2,5,2,4,4,3,4,4,3,4,4,3,1,3,4,2,5,5,1,4,3
4,4,1,1,5,14,2,25,241,4,3,4,5,2,2,3,2,2,5,3,3,3,3,3,4,3,3,4,2,3,4,4,3,4,3,4
1022,6,1,1,3,13,2,21,242,1,1,4,1,2,3,1,1,2,2,3,4,1,2,2,2,3,2,4,4,3,3,4,3,2,5,3
1022,6,2,1,0,13,4,22,243,4,3,5,4,3,4,5,5,5,3,2,3,3,3,3,2,5,3,3,5,5,4,3,5,2,5,5
3066,6,2,1,5,14,2,20,244,3,2,3,3,3,3,4,4,2,3,3,2,4,4,3,3,2,3,3,1,2,3,1,3,4,2,3
124,1,2,2,4,16,4,29,245,5,4,5,4,4,4,4,3,3,4,4,5,5,4,4,4,5,5,3,3,5,3,4,4,3,4,3
3066,1,1,1,3,13,3,23,246,3,1,2,3,1,2,2,1,3,1,1,1,2,1,3,3,1,2,2,1,1,3,1,2,4,1,1
1022,6,2,1,1,16,2,28,247,2,3,2,2,4,2,1,4,3,1,4,4,1,3,3,1,3,4,2,4,4,3,4,3,4,3,5
299,2,2,1,4,14,2,25,248,1,3,3,2,3,2,2,2,3,2,5,3,3,5,4,2,4,3,5,4,3,3,4,3,3,4,3
1022,1,4,1,2,17,2,34,249,4,4,4,5,4,4,5,4,4,3,5,4,2,4,3,2,5,3,5,4,4,5,5,3,5,4,5
4042,2,1,1,2,13,2,19,250,3,5,4,3,3,3,3,3,3,1,2,4,3,4,2,1,4,4,2,3,3,3,4,3,3,2,3
4042,2,2,1,2,21,5,22,251,2,3,1,2,1,1,2,2,1,2,1,2,3,2,2,3,2,3,3,4,4,3,3,3,3,3,3
104,1,1,2,0,13,2,22,252,4,1,5,3,2,5,4,3,5,3,3,5,4,5,5,5,3,5,3,3,5,2,2,5,3,2,5
124,1,2,1,0,15,2,33,253,3,4,4,2,3,3,3,4,4,3,3,2,3,4,2,4,5,4,5,2,4,5,5,4,5,4,5
3066,2,2,1,5, ,2,36,254,3,4,3,4,5,4,4,5,4,5,3,3,5,4,5,5,5,4,4,4,4,4,3,4,4,3,2
4042,2,2,1,2,15,2,28,255,5,2,5,4,4,5,3,2,5,1,2,5,4,4,5,3,2,5,3,4,5,3,4,5,3,3,5
4,1,1,2,0,12,2,22,256,3,4,3,4,4,3,3,4,3,3,3,3,3,2,3,3,3,3,4,4,4,3,2,5,3,3,3
1022,6,2, ,0,14,2,27,257,4,3,4,2,3,1,3,3,2,3,3,4,4,4,4,3,3,5,3,3,3,5,4,4,4,4,4
1022,6,2,1,0,12,2,19,258,2,3,2,2,2,4,2,3,3,2,2,3,2,3,4,2,3,3,2,1,2,4,3,3,3,3,4
404,2,2,1,1,21,5,24,259,5,4,4,5,4,4,5,5,5,3,4,4,4,5,4,4,4,4,5,4,5,5,3,5,5,4,4
299,6,2, ,4,17,2,34,260,4,5,4,5,5,4,4,5,4,5,5,5,5,4,3,5,3,4,5,4,4,5,5,3,5,4,2
3066,6,1,1,3,21,5,25,261,5,5,4,5,3,3,4,4,3,3,4,3,4,4,2,5,4,2,5,5,4,4,5,3,5,5,3
299,3,1,1,2,14,2,21,262,3,3,3,2,4,3,3,3,3,3,3,2,4,3,2,3,4,3,3,3,4,2,4,4,2,4,3
1022,2,1,1,2,12,2,19,263,2,2,3,2,3,4,3,2,2,3,2,4,1,1,1,4,3,3,2,3,2,1,3,2,3,3,2
3066,6,1,1,2,13,2,20,264,5,5,5,5,5,5,5,5,5,5,5,5,5,5,5,5,5,5,5,5,5,5,5,5,5,5,5
3066,2,1,1,2,12,2,19,265,3,5,5,3,5,5,4,5,5,4,5,5,3,5,5,3,5,5,4,5,5,3,5,5,4,5,5
4042,2,1,1,2,12,2,19,266,3,1,2,2,2,3,4,3,1,4,5,5,3,3,4,4,4,5,4,4,4,3,3,3,4,4,4
1022,2,2,1,0,16,2,33,267,1,3,4,2,3,4,1,3,3,2,3,3,3,4,3,3,4,4,3,4,4,4,4,4,4,4,3
4,2,1,1,1,12,2,20,268,2,3,3,3,2,4,5,4,4,4,4,5,3,3,4,3,3,4,2,4,4,2,4,3,3,5,4
1022,1,2,1,2,13,2,19,269,1,3,2,3,4,1,2,4,3,3,3,4,2,4,4,4,4,4,5,4,5,5,2,4,5,4,5
4042,1,2,1,2,15,2,27,270,3,4,4,4,3,5,3,4,4,5,4,5,5,4,5,3,5,5,3,4,5,4,4,4,3,4,3
4042,2,1,1,4,13,2,21,271,2,3,2,3,2,1,3,2,2,4,2,4,4,1,2,4,1,1,4,2,3,4,1,3,1,2,4
1022,1,2,1,1,17,2,37,272,3,3,5,3,2,4,2,3,4,5,4,5,5,5,5,3,4,3,5,4,4,4,3,3,5,4,4
3066,4,3,1,5, ,2,28,273,2,2,3,3,2,2,3,1,2,4,4,3,3,5,3,3,4,4,2,3,2,4,2,2,3,4,4
124,1,1, ,5,14,2,22,274,2,2,1,5,4,2,5,3,1,3,3,2,4,4,1,3,4,3,3,3,4,3,2,3,3,1,2
3066,6,2,1,0,16,2,28,275,4,4,4,4,4,4,4,4,3,2,4,4,3,3,5,1,3,3,5,5,4,5,5,3,5,4,3
1022,2,2, ,1,14,2,23,276,2,3,2,2,5,3,3,4,3,1,4,3,2,2,2,2,2,4,4,3,4,3,3,4,3,4,3
1022,1,2,1,0,15,2,31,277,1,2,1,2,3,2,1,2,1,2,3,1,3,4,2,3,4,1,5,4,3,4,4,5,3,3,3
1022,2,2,1,3,15,2,26,278,5,4,4,4,3,4,5,2,4,5,2,2,3,3,4,4,2,2,4,3,5,4,3,5,5,3,4
3066,1,2,1,1,15,2,30,279,3,4,2,3,3,2,5,5,5,3,3,3,2,3,3,3,5,4,4,4,4,5,4,3,2,5,4
3066,6,1,1,0,21,5,24,280,1,4,5,1,4,5,1,5,5,3,4,4,3,5,4,1,5,4,4,5,4,5,4,5,5,5,5
1022,3,2,1,5,16,2,32,281,5,4,4,5,4,3,5,4,4,2,4,3,2,3,4,3,4,4,4,4,3,5,4,4,4,4,4
4,1,2,1,1,14,2,25,282,1,1,2,1,2,1,2,1,1,2,1,3,2,2,3,2,1,2,2,1,2,3,1,2,3,1,1
3066,3,1,1,2, , ,18,283,2,3,2,2,4,4,2,1,3,1,1,1,1,1,1,1,1,1,3,3,5,3,2,4,3,3,4
2004,4,2,1,3,13,2,19,284,3,5,4,4,3,3,4,3,3,3,3,4,4,3,4,2,1,3,4,3,4,3,3,4,3,4,4
3066,4,1, ,5,14,2,22,285,4,4,3,3,3,3,3,4,4,4,4,5,3,3,3,4,3,4,4,4,5,3,2,4,2,2,2
3066,2,1,1,3,13,2,20,286,3,2,3,4,1,3,4,2,5,4,3,3,5,4,5,4,1,5,4,2,3,1,2,2,3,2,3
4042,3,2,1,0,23,6,33,287,4,5,5,5,4,5,5,4,5,5,4,5,3,4,4,5,4,4,5,5,5,5,5,5,5,5,5
4,6,1,1,1,13,2,23,288,5,4,4,4,4,5,4,4,4,4,3,2,4,3,2,5,3,2,5,4,5,4,4,4,4,3,3
3066,1,1,1,0, ,2,19,289,5,5,3,3,5,3,5,5,2,4,5,3,5,5,2,4,5,3,5,5,3,5,5,3,4,5,3
1022,6,1,1,2,12,2,19,290,1,1,3,1,1,2,2,1,3,2,1,4,1,1,2,1,1,2,3,2,2,5,3,3,4,3,4
299,1,4,1,3,13,2,26,291,4,1,5,3,1,3,3,1,4,2,2,3,2,2,3,2,2,2,4,2,3,3,1,2,2,1,2
3066,4,1,1,4,14,2,21,292,1,3,4,1,4,3,2,4,4,2,4,5,3,3,5,1,3,4,3,4,5,1,4,5,1,2,2
3066,4,1,1,2,13,2,19,293,1,1,3,2,3,4,1,2,3,3,3,3,2,3,4,1,3,3,3,2,3,2,2,3,3,2,4
3066,2,2,1,3,17,2,37,294,4,4,3,3,4,3,4,5,5,5,4,3,4,3,5,4,4,3,4,3,3,5,4,3,4,4,3
3066,1,1,1,1,21,5,23,295,4,4,5,5,4,4,5,4,3,4,4,3,3,2,3,4,3,4,4,5,4,4,5,4,4,5,3
4042,1,4,1,2,17,4,36,296,4,5,3,4,5,4,3,4,4,4,4,5,2,4,3,4,5,5,5,4,2,5,5,4,5,3,4
1022,4,1,1,1,17,2,35,297,4,3,3,4,5,4,4,4,4,3,3,4,3,4,4,3,5,4,3,2,4,4,4,4,3,2,3
4042,8,2, ,2,15,2,35,298,4,5,4,5,5,5,4,3,4,5,4,4,5,4,3,4,4,5,5,4,4,5,5,4,3,3,4
299,2,2,1,3,14,2,27,299,4,3,4,2,3,4,4,4,4,1,2,3,3,3,4,3,4,4,4,4,4,5,3,2,4,3,4
1022,2,1,1,3,13,2,19,300,3,3,2,3,3,4,4,3,3,1,3,2,2,4,3,1,2,3,4,2,4,3,4,5,3,4,5
4042,8,1,1, ,14,2,38,301,3,5,4,5,5,3,4,5,3,3,4,5,3,2,3,3,3,4,4,2,3,3,4,4,4,4,5
1010,5,2, ,2,16,4,39,302,5,4,5,5,4,5,4,4,5,4,4,5,4,4,5,3,3,5,5,4,5,4,4,5,5,5,5
1022,4,2,1,5,22,5,26,303,3,3,3,4,4,3,3,5,4,2,5,4,3,5,5,2,5,5,5,5,4,3,4,3,4,5,4
3066,3,2,1,3,15,3,27,304,2,3,4,1,3,3,2,2,1,1,3,2,1,3,3,2,4,3,1,3,3,2,3,3,2,4,2
1022,2,1,1,2,13,2,19,305,2,5,3,2,4,3,3,3,2,4,3,3,4,4,3,4,4,4,4,3,4,3,3,3,2,2,4
3066,2,1,1,4,13,2,19,306,4,3,4,4,2,4,2,2,4,2,3,3,1,4,3,3,4,4,1,1,2,3,3,2,2,1,2
1022,6,2,1,4,13,2,20,307,2,2,3,2,3,4,2,3,3,1,1,5,1,3,3,1,3,2,4,1,3,3,1,2,2,1,3
1022,6,2,1,3,13,2,21,308,3,2,3,2,1,1,3,1,1,3,4,4,4,4,4,3,4,4,3,4,2,2,2,1,1,1,2
3066,2,2,1,2,13,4,22,309,3,4,2,3,3,2,3,1,2,3,1,4,3,1,3,2,1,2,2,4,3,2,2,3,1,2,3
4,1,1,1,2,13,2,19,310,1,1,1,1,1,1,2,1,1,2,3,5,1,2,5,2,3,5,1,1,1,1,1,1,1,1,1
4,1,1,1,2,15,2,24,311,5,3,3,5,4,4,5,4,3,5,5,5,5,3,4,5,4,4,5,5,4,5,5,4,5,4,3
4042,2,2,1,2,15,2,25,312,3,3,4,3,4,3,1,3,4,2,3,4,4,4,5,4,4,4,4,5,5,3,4,4,4,4,5
1022,2,2,1,0,21,5,23,313,4,4,4,3,3,3,4,5,3,4,5,4,3,4,4,4,4,3,4,4,3,4,3,3,4,4,3
4042,2,1,1,2,12,2,19,314,5,5,5,5,5,5,5,4,5,5,2,5,5,3,5,5,2,5,5,4,5,5,3,5,5,3,5
4,2,2, ,2,15,2,27,315,2,3,4,4,4,2,3,3,4,2,3,2,2,3,2,2,3,2,4,5,5,5,4,4,3,4,5
3066,2,3,1,5,15,2,24,316,3,1,4,3,2,4,4,1,3,4,4,3,3,3,3,3,3,3,4,4,3,3,3,4,5,3,4
4,4,2,1,0,16,4,30,317,4,5,4,5,4,4,3,4,2,3,2,2,2,3,2,3,1,2,3,5,4,4,2,4,4,3,3
4,3,3,1,0,15,2,29,318,1,2,2,2,3,4,1,1,1,2,2,3,2,2,3,2,3,3,5,3,1,4,2,1,3,2,2
144,1,1,1,2,13,2,19,319,3,5,5,3,5,2,3,5,2,2,5,4,3,5,4,3,5,4,4,5,5,3,5,3,3,5,4
299,6,2,1,2,15,2,29,320,4,5,4,2,3,3,3,4,3,3,2,4,3,4,3,3,3,5,3,3,3,4,3,4,5,4,5
1022,2,1,1,2,12,2,19,321,2,4,4,4,5,5,3,4,5,2,2,4,1,2,3,2,1,4,3,4,1,3,3,2,3,4,2
1022,6,1,1,2,13,2,22,322,5,1,3,5,1,2,5,1,4,2,3,4,1,4,2,1,3,4,3,3,3,4,2,3,4,3,2
1022,6,1,1,2,13,2,18,323,1,2,2,2,4,3,2,2,3,3,3,4,1,2,2,2,2,2,3,2,1,2,2,1,3,2,1
3066,4,1,1,2,12,2,19,324,3,4,4,3,4,3,1,3,3,4,3,4,3,4,2,4,3,2,4,1,2,4,1,2,4,3,3
4042,8,1,1,2,14,2,24,325,2,4,4,4,4,4,4,4,5,3,2,4,3,3,4,5,2,3,3,2,3,5,3,5,4,2,4
404,1,5,1,5,14,2,22,326,5,2,4,3,3,3,3,4,5,3,3,3,4,3,3,4,4,3,2,3,2,4,3,4,3,2,3
3066,6,2,1,5,14,2,25,327,1,2,1,2,2,2,1,2,1,2,2,3,4,3,3,2,2,1,5,4,4,5,4,4,5,4,3
1010,5,1, ,2,14,3,30,328,3,3,3,3,4,3,3,3,3,1,2,1,2,2,3,2,2,2,4,4,4,5,5,4,5,4,4
1022,2,2,1,4,15,2,31,329,4,4,4,4,4,4,4,4,3,4,4,4,4,3,4,2,4,4,5,4,4,4,5,5,4,4,4
3066,6,1,1,0,21,5,25,330,4,1,1,5,3,2,4,2,2,3,4,4,3,3,4,1,2,4,5,5,4,5,4,4,5,5,5
4042,8,1,1,1,12, ,19,331,5,5,4,5,4,4,4,4,5,5,3,5,3,1,1,4,3,3,5,5,4,4,4,3,2,2,4
3066,3,1, ,2,16,2,24,332,5,3,4,2,1,4,3,1,2,2,3,4,3,3,2,2,3,2,4,4,3,5,5,3,5,4,3
1022,1,1,1,2,13,2,19,333,1,1,1,1,1,2,2,2,2,1,1,2,2,2,2,1,2,3,2,1,1,4,1,2,2,1,1
299,3,2,1,1,17,4,41,334,1,4,2,2,4,3,3,5,2,2,5,5,1,4,4,2,5,5,4,3,3,5,5,4,4,4,5
1000,6,2,1,3,14,2,21,335,5,4,5,5,4,5,5,3,5,5,4,5,5,3,5,5,3,5,5,4,5,5,4,5,5,5,5
124,1,1,1,3,14,2,23,336,3,2,1,1,2,2,2,2,2,4,3,3,5,3,4,4,3,4,3,1,4,2,2,3,5,2,4
3066,6,1,1,2,13,2,21,337,4,5,4,4,4,4,4,3,3,2,3,3,3,4,2,3,4,4,4,4,2,4,3,4,3,4,5
4042,2,2,1,3,17,2,34,338,3,4,4,4,5,4,3,3,5,4,5,4,3,3,4,4,4,3,4,4,3,3,4,5,3,3,3
4042,2,1, ,2,12,2,20,339,4,5,4,3,4,4,3,2,2,3,5,3,4,5,3,3,5,3,4,4,3,3,5,3,3,3,2
4,1,2,1,5,13,2,26,340,4,3,5,4,4,5,3,4,5,3,2,3,5,2,3,3,2,2,5,4,4,5,4,4,4,3,4
3066,6,2,1,4,17,2,36,341,1,1,5,1,2,5,1,1,5,1,1,5,1,2,5,2,3,5,2,3,5,2,2,5,2,2,5
2004,4,2,1,3, ,2,29,342,4,3,3,3,2,3,5,4,5,3,2,3,2,2,3,3,5,5,4,2,4,5,3,3,4,3,4
1000,6,2,1,0,14,2,23,343,1,4,2,1,5,2,2,4,2,3,2,3,2,3,2,1,3,1,3,2,2,2,2,2,3,5,2
1022,6,1,1,1,12,2,19,344,1,3,5,2,2,5,2,3,5,2,3,5,2,3,5,2,3,5,3,4,5,3,4,5,3,3,5
2004,6,2,2,0,12,2, ,345,5,1,3,5,4,3,5,3,3,5,4,3,5,5,4,5,4,4,5,4,2,5,3,4,5,3,3
2008,4,2,1,4,16,2,35,346,5,5,4,5,3,4,5,3,4,5,3,5,5,3,4,5,2,3,5,3,4,5,4,5,5,4,4
1010,5,2,1,2,15,2,32,347,4,3,3,4,2,2,4,3,2,3,2,3,4,2,3,3,3,3,3,3,2,4,4,3,2,5,3
4042,1,1,1,2,12,2,19,348,2,3,3,4,1,3,3,2,3,3,3,3,2,4,3,3,4,2,4,3,4,5,5,5,3,3,3
3066,1,1,1,1,12,2,19,349,3,4,2,1,4,3,2,4,2,5,5,3,3,3,2,4,5,4,2,3,4,2,3,4,2,3,5
124,1,4,1,5,14,2,23,350,3,4,5,4,3,4,2,3,3,3,4,3,3,3,4,4,3,4,4,4,5,3,4,5,5,4,5
4,1,2,1,5,15,2,26,351,4,4,4,4,3,5,4,3,4,3,1,3,4,3,5,4,2,3,4,4,4,5,4,4,5,5,4
404,1,2,1,4,15,2,32,352,4,4,5,4,5,5,4,4,3,5,4,4,3,4,4,5,2,3,3,4,4,3,3,3,3,4,4
3066,1,2,1,2,15,3,31,353,5,5,4,4,4,4,5,5,5,5,4,5,2,3,3,4,5,4,5,4,4,4,4,4,5,4,5
3066,1,1, ,1,12,2,19,354,3,4,2,4,4,4,3,3,3,3,5,3,3,4,2,3,3,2,3,5,4,3,3,3,4,4,3
299,1,2,1,5,14,2,27,355,4,4,5,4,5,5,4,5,5,3,4,2,4,4,4,4,4,4,5,5,5,5,3,5,5,5,5
3066,3,2,1,4,13,2,20,356,3,2,5,5,4,5,5,4,5,3,3,4,3,3,3,2,3,2,5,3,4,2,2,4,3,3,3
4042,2,2,1,4,14,2,25,357,4,3,4,3,4,5,3,3,5,4,4,4,4,2,4,4,4,5,1,4,3,2,4,5,1,3,3
404,2,2,1,2,15,2,40,358,1,1,2,1,2,4,2,3,2,3,3,2,3,2,3,3,3,3,2,2,3,3,3,3,2,2,3
2008,4,1,1,3,13,2,20,359,2,2,5,1,2,3,1,2,4,5,5,4,5,5,4,4,4,3,3,3,3,3,3,3,3,2,3
2004,3,1,1,2,14,4,25,360,4,2,3,5,5,4,4,4,4,3,3,3,4,5,4,5,3,3,5,3,3,4,4,4,4,4,4
3066,1,1, ,0,12,2,19,361,4,2,5,4,2,5,3,2,5,3,3,3,4,3,2,2,3,2,4,3,5,1,2,5,4,4,5
1022,2,2,1,1,15,4,29,362,4,2,2,2,1,2,2,1,2,3,2,3,4,1,4,3,2,2,1,1,2,3,2,4,2,1,2
3066,2,2,1,1,21,5,23,363,3,5,3,4,5,4,3,3,3,2,2,2,4,4,4,2,5,3,3,3,3,2,3,4,4,3,4
2008,4,4,1, ,15,2,26,364,2,4,3,3,5,5,1,4,4,1,3,4,1,2,4,2,3,4,4,3,4,4,4,3,3,3,3
4042,2,1,1,1,12,2,19,365,2,3,2,3,3,3,1,3,3,1,1,3,2,4,3,3,3,2,3,3,3,4,2,4,3,3,2
1022,1,2,1,5,15,2,22,366,4,2,4,4,2,3,3,2,4,4,3,3,3,1,1,3,1,2,4,3,4,4,1,3,4,4,5
1022,6,2,1,4,14,2,23,367,3,4,4,4,3,4,3,3,3,2,2,1,2,2,1,2,2,1,3,2,4,3,3,3,4,3,5
299,1,1,1,4,14,3,27,368,3,3,1,1,3,2,2,2,2,3,2,1,2,2,4,2,1,4,3,4,3,3,2,3,4,3,4
4,6,2,1,5,17,2,37,369,4,3,2,5,4,2,2,4,2,4,4,3,5,2,3,5,4,4,5,4,4,4,4,4,4,3,3
1022,2,1,1,2,14,5,25,370,3,2,3,3,2,3,3,4,4,3,2,4,4,2,4,4,1,4,4,2,3,5,2,2,5,4,3
4042,8,2,1,3,18,2,36,371,4,3,2,4,5,4,5,3,3,4,5,3,3,5,5,5,5,5,5,4,4,5,5,5,5,5,4
704,3,1,2,0,14,5,24,372,2,1,1,2,3,3,1,1,1,5,4,5,4,4,4,4,3,4,5,4,4,5,5,4,5,4,5
3066,6,4,1,4,17,4,36,373,4,3,5,3,5,3,4,3,4,3,3,4,3,3,3,4,4,4,4,3,3,4,5,4,4,3,3
3066,3,1,1,4,15,5,26,374,3,1,3,1,1,3,2,2,4,2,2,3,2,3,4,1,1,4,5,4,5,5,5,5,3,4,5
1000,6,2,1,0,23,5,34,375,5,4,5,4,4,5,4,5,3,5,5,3,4,3,3,5,4,4,4,4,4,5,4,5,4,4,3
1022,2,2, ,2,15,2,26,376,3,4,4,4,4,4,4,3,3,5,2,3,5,4,3,4,2,3,3,3,3,4,3,3,3,3,4
144,1,2, ,5,16,2,30,377,4,1,4,4,4,5,3,4,4,3,4,3,3,3,2,2,2,2,5,5,4,5,4,5,4,4,4
4042,3,1,1,3,14,2,23,378,2,3,2,3,2,3,3,4,3,4,4,4,3,4,4,3,4,4,4,3,2,5,4,4,4,5,3
4,4,4,1,2,17,4,34,379,4,4,3,3,3,3,5,3,3,3,3,3,4,4,4,3,4,2,3,5,3,3,3,4,5,5,4
299,2,2,1,4,22,5,25,380,1,2,1,2,2,2,2,2,2,2,4,2,4,4,2,4,3,3,3,3,3,3,4,5,3,3,3
404,1,2,1,2,15,2,30,381,4,4,5,3,5,5,4,4,4,4,3,3,2,1,3,2,3,4,3,4,3,3,4,5,4,4,3
4,4,2,1,2, ,2,21,382,1,5,5,1,5,5,1,5,5,2,5,5,3,5,5,2,5,5,5,5,3,5,5,2,5,5,2
299,1,2,1,3,14,2,24,383,2,2,4,2,3,4,2,4,4,3,4,4,3,5,5,3,2,4,2,4,4,4,5,4,3,4,3
299,3,2,1,3,22,5,24,384,4,5,5,5,4,3,4,4,3,3,4,2,2,2,2,2,2,2,4,5,4,4,4,4,4,4,4
3066,6,1,1,1,13,2,23,385,2,1,3,1,1,3,3,3,3,2,1,3,2,2,3,2,1,3,2,1,3,1,1,2,2,1,1
1022,2,2, ,0,15,2,26,386,3,3,5,4,3,5,2,2,5,3,3,5,1,2,5,3,2,5,1,2,5,2,3,5,1,1,5
299,6,2,1,2,14,2,23,387,4,4,4,4,3,4,3,2,4,4,1,1,3,1,1,4,3,2,4,1,2,3,1,1,4,1,3
299,6,5,2,3,15,2,29,388,2,3,2,3,2,3,3,3,3,2,2,3,2,1,3,1,2,4,3,1,1,3,2,1,1,1,1
3066,3,2,1,0,11,3,24,389,2,4,3,1,3,4,2,3,3,2,4,2,3,4,4,3,3,2,4,3,3,3,3,4,3,3,4
3066,2,2,1,4,16,2,35,390,5,3,5,4,3,3,5,4,5,3,3,4,4,3,3,4,5,4,4,4,4,3,3,4,3,4,2
3066,1,5,1,2,13,2,22,391,3,4,4,4,5,3,2,2,3,2,4,3,3,5,4,3,5,4,3,3,4,3,3,3,4,4,3
3066,1,1,1,2,13,2,19,392,3,3,3,4,5,4,3,2,4,4,3,5,3,4,4,4,3,3,4,4,3,5,5,4,5,4,5
144,1,1,1,3,13,2,20,393,4,4,4,5,5,3,4,5,3,2,2,3,1,2,2,3,3,4,5,5,4,4,4,4,3,3,2
404,6,1,1,3,14,3,22,394,3,3,5,3,2,5,3,1,5,1,1,5,3,1,5,2,3,5,4,1,5,4,1,5,3,1,5
1022,2,1,1,0, ,2,25,395,2,5,5,4,5,5,3,5,5,4,5,5,5,5,5,5,5,5,4,5,5,4,5,5,4,5,5
1022,1,2,1,0,15,2,25,396,4,5,5,5,5,5,3,5,5,4,5,4,5,5,4,3,4,3,5,4,5,5,5,4,5,4,4
1000,6,2,1,2,15,2,22,397,5,3,2,5,3,2,5,3,1,5,2,3,5,3,3,5,3,2,5,3,4,5,4,3,5,3,5
3066,1,2,1,2,23,5,30,398,4,2,2,2,2,5,3,4,4,3,4,5,5,5,5,3,4,5,3,2,4,4,3,3,3,3,4
4,1,2,1,3,15,2,28,399,3,2,2,3,2,3,3,2,2,2,3,1,3,3,3,2,3,2,3,4,2,3,3,3,3,3,3
3066,4,1,1,3,15,2,22,400,3,3,4,4,3,5,4,3,5,3,3,3,3,2,3,4,2,4,3,3,3,3,3,4,4,3,4
2008,4,1,1,2,13,2,19,401,4,3,4,4,2,4,4,4,4,4,4,4,4,5,3,5,5,4,4,4,4,4,2,2,4,5,3
3066,2,1,1,3, ,2,21,402,1,3,4,3,3,2,2,3,4,2,4,4,1,2,3,3,2,3,2,2,5,2,3,3,2,4,4
3066,3,2,1,2,13,2,19,403,4,2,3,3,1,3,3,2,4,3,3,4,4,4,4,3,4,4,4,5,4,5,4,5,3,4,5
1022,2,1,1,2,13,2,19,404,2,3,3,3,5,4,3,4,4,5,5,2,5,5,3,5,5,3,3,3,4,4,3,4,2,3,3
4000,7,2,1,0,14,2,24,405,5,4,3,5,2,4,4,3,3,2,4,5,2,3,5,2,5,5,4,5,5,4,4,3,5,3,3
1022,6,1,1,2,13,2,22,406,2,3,3,1,1,1,3,1,4,2,2,3,2,1,4,2,2,2,2,1,3,2,2,3,2,1,3
3066,6,1,1,5,14,1,25,407,3,2,4,3,3,3,5,3,3,3,2,2,2,3,2,2,4,2,5,3,4,3,3,3,3,2,3
3066,1,2,1,2,16,2,34,408,3,3,3,3,2,2,4,2,3,3,4,3,3,3,2,3,3,3,4,3,3,3,4,3,4,3,3
4,3,2,1,0,13,4,21,409,1,2,3,3,4,3,2,2,2,4,3,3,3,3,4,4,3,2,3,5,5,4,4,3,4,5,4
4,4,4, ,3,15,4,46,410,3,3,3,5,4,4,3,5,4,4,5,4,5,4,5,3,3,3,5,5,5,3,5,4,4,4,4
1000,6,2,1,2,31,4,28,411,4,3,4,3,2,3,4,4,4,3,4,2,4,4,3,5,5,3,5,4,4,3,4,4,3,4,4
124,1,2,1,4,14,2,25,412,5,5,5,4,4,3,4,4,4,3,4,3,3,4,3,4,4,3,4,3,4,4,5,4,3,1,3
1022,6,2,1,2,15,2,32,413,2,1,2,2,2,1,2,1,2,1,2,1,2,1,2,3,2,2,4,2,3,4,3,3,4,4,3
1022,6,1,1,2, ,2,27,414,2,3,3,3,3,5,4,4,5,3,4,1,4,3,1,4,4,2,4,4,4,4,2,4,4,3,3
3066,1,1, ,5,14,2,21,415,2,5,3,2,3,4,3,4,4,3,4,2,1,2,2,1,2,3,2,3,1,2,4,3,3,3,2
4,2,2,1,1,17,4,34,416,4,4,3,4,3,3,2,1,2,4,4,3,4,5,4,4,4,4,3,5,3,3,4,2,4,4,5
1000,6,2,1,3, ,2,26,417,2,3,3,2,3,4,4,3,5,2,2,5,3,1,5,3,2,5,4,4,5,5,5,5,3,4,4
4042,2,2,1,3,13,2,20,418,3,4,4,1,3,3,3,5,3,1,3,2,4,3,3,2,4,5,3,4,3,3,3,3,3,1,3
1022,2,2,1,2,13,2,22,419,3,3,3,3,4,3,3,1,3,3,3,2,4,3,4,5,5,5,3,4,4,2,3,4,3,3,4
144,1,2,1,5,15,2,22,420,3,2,3,2,2,2,2,3,3,3,4,4,3,3,4,5,4,4,2,4,4,3,2,4,3,4,3
3066,2,2,1,2,13,4,28,421,3,2,3,3,3,4,3,5,5,4,4,3,3,4,5,4,5,4,4,4,4,5,5,5,4,4,4
1010,4,1,1,2,14,2,20,422,4,5,5,5,4,3,5,5,4,3,3,4,3,3,5,4,5,4,4,4,4,3,2,2,5,5,4
4,1,2,1,2,13,2,21,423,4,3,3,4,4,5,5,5,4,5,5,5,4,4,4,4,5,4,4,5,4,3,4,4,5,4,5
3066,1,1,1,0,15,5,28,424,5,4,2,5,4,3,5,3,3,3,3,4,3,2,3,3,3,4,4,4,5,3,4,4,3,4,4
3066,4,2,1,5,14,2,25,425,3,5,3,1,5,4,1,5,3,1,5,2,2,5,4,1,5,2,3,5,3,3,5,4,3,5,3
3066,2,2,1,3,15,2,25,426,4,5,5,3,5,5,4,4,5,4,5,5,2,3,5,3,5,5,4,5,5,4,5,5,3,5,5
299,1,1,1,5,17,2,31,427,3,3,4,4,3,4,4,3,4,2,3,3,1,2,3,1,3,3,4,4,3,3,4,4,4,4,4
104,1,2,1,0,15,2,23,428,2,3,4,2,3,2,3,3,3,4,4,2,2,3,3,4,3,2,5,5,5,5,5,4,5,5,5
3066,1,1,1,3,13,2,21,429,2,3,3,3,4,3,2,5,4,1,2,1,2,2,3,4,2,2,2,1,4,1,1,4,2,2,3
1022,6,2,1,5,17,2,45,430,3,3,3,4,5,3,3,4,3,3,4,3,5,4,4,4,3,4,3,5,5,3,5,3,5,5,4
3066,4,1,1,2,15,2,27,431,1,1,4,1,1,2,2,1,3,5,1,3,5,2,1,5,2,2,4,2,4,3,2,5,2,1,4
4,1,5,1,4,14,2,24,432,2,1,1,1,1,2,2,2,2,3,3,1,4,4,2,3,4,1,2,1,1,2,2,2,2,3,2
404,1,1,1,2,14,2,22,433,1,1,2,1,1,2,2,2,2,1,1,2,1,1,1,1,1,2,2,2,3,3,3,4,3,2,2
3066,6,2,1,5,22,5,24,434,4,4,4,2,3,3,3,2,3,3,2,3,4,4,2,3,2,1,3,3,3,3,3,3,5,4,4
1022,6,1, ,4,13,2,19,435,2,3,4,1,4,2,1,4,3,2,5,3,1,5,2,2,5,2,3,2,2,3,2,3,3,1,1
3066,4,2,1,5,14,2,22,436,4,5,5,4,4,4,4,4,4,5,3,4,4,3,3,5,4,4,3,3,3,5,4,4,5,5,5
1022,2,2,1,0, ,2,25,437,3,5,5,4,4,5,5,5,5,3,4,3,4,4,3,3,4,2,4,4,4,5,5,5,3,5,4
404,2,2,1,5,14,2,37,438,4,1,3,3,4,2,3,3,4,2,3,3,2,2,4,4,3,3,5,5,4,2,3,3,3,2,1
4042,1,2,1,2,23,4,33,439,5,4,5,4,3,4,4,4,4,3,4,5,3,5,5,3,3,3,5,5,5,4,4,4,3,5,5
3066,6,1,1,4,14,2,30,440,5,3,5,5,4,5,5,4,5,5,1,5,5,2,5,5,3,5,5,3,5,5,5,5,5,2,5
4042,2, ,1,5,14,2,25,441,3,4,4,4,2,4,2,3,3,1,2,3,1,2,3,1,3,3,2,2,2,2,3,3,3,2,4
2008,4,1,1,1,15,2,23,442,4,4,3,5,5,4,5,4,3,4,5,4,4,3,4,2,3,2,4,4,3,4,3,3,5,4,3
1000,6,2,1,2,15,6,39,443,3,4,2,4,5,3,4,3,2,4,4,3,4,4,4,3,3,3,3,4,2,3,3,3,5,5,4
1022,4,2,1,5,14,2,22,444,2,2,3,3,3,3,3,2,3,3,4,2,3,3,3,5,4,3,4,4,4,3,3,4,4,3,3
4042,2,2,1,2, ,2,23,445,5,5,5,3,4,5,3,5,4,3,3,5,3,3,5,2,3,5,3,4,3,4,3,3,3,3,4
3066,6,2, ,4,13,4,22,446,5,3,2,5,5,4,5,4,3,5,3,3,5,3,3,5,3,4,5,2,3,5,4,2,5,4,5
4,6,4,1,0,12,2,23,447,3,5,3,4,4,3,4,5,4,3,3,4,2,2,4,4,5,3,5,5,2,3,4,4,3,3,3
2008,4,2, ,3,15,2,28,448,3,4,5,2,3,4,4,4,4,4,4,4,5,5,3,3,4,3,5,4,4,4,4,4,4,4,4
3066,6,2,1,3,18,2,39,449,4,3,3,5,4,5,5,3,4,3,3,3,5,3,3,4,4,4,5,5,5,5,5,5,3,4,5
4042,2,2,1,2,16,3,44,450,3,2,2,3,1,4,3,3,4,2,3,2,4,3,3,2,2,2,3,2,3,4,4,3,2,2,3
4,4,1,2,5,14,2,20,451,4,5,3,4,4,3,5,4,2,2,3,2,3,2,3,2,2,1,2,3,3,3,4,3,3,4,3
3066,3, ,1,2,15,2,23,452,3,4,3,2,4,4,4,4,4,2,2,3,3,4,2,2,3,2,4,3,4,3,2,4,5,4,3
3066,6,1,1,3,13,2,23,453,3,4,4,3,3,3,5,4,4,2,3,4,3,2,4,2,3,4,4,3,4,4,5,4,5,5,5
404,1,2,1,1,16,4,36,454,4,3,2,4,5,4,5,4,3,3,2,3,3,1,2,3,4,3,5,4,3,5,3,4,5,5,5
1022,2,2,1,1,15,2,25,455,5,5,5,4,4,3,4,4,4,3,4,4,2,4,4,4,3,2,5,5,5,5,4,4,5,3,4
4,4,2,1,0,13,2,32,456,5,4,5,5,5,4,4,4,4,5,1,5,5,3,5,5,2,5,4,4,2,5,4,4,5,4,4
4042,1,2,1,3,14,2,22,457,4,4,3,5,4,2,5,4,3,5,5,2,4,3,2,4,4,2,4,5,2,4,4,3,5,3,1
2008,4,1,1,3,16,2,34,458,5,4,3,3,5,3,3,3,2,3,4,4,3,3,4,3,4,3,2,4,4,3,3,5,3,4,3
3066,6,2,1,5,14,2,23,459,2,3,5,1,2,4,2,2,3,1,4,5,1,3,3,2,2,4,4,3,5,3,3,5,3,3,5
1022,6,2,1,1,22,5,23,460,2,1,3,3,2,3,3,1,2,2,3,4,3,2,3,4,2,4,1,3,3,3,3,3,4,3,3
3066,1,2,1,2,15,2,26,461,5,4,4,5,4,2,4,5,5,3,4,5,4,4,4,3,3,3,3,4,4,5,4,3,4,4,3
4042,2,2,1,0,16,2,34,462,2,4,5,2,4,5,3,5,5,5,5,5,5,5,5,5,5,5,3,4,3,2,5,2,3,4,3
4042,8,2,1,5,17,4,32,463,3,5,4,4,3,5,4,2,5,4,3,4,3,3,5,4,3,3,4,3,3,4,4,4,4,2,3
1022,2,1,1,2,13,2,19,464,4,2,3,4,3,3,4,1,3,5,2,3,3,2,3,4,2,3,4,1,2,3,1,2,4,2,2
3066,2,2,1,1,17,2,35,465,4,5,4,5,5,5,3,2,3,5,5,5,4,5,5,5,3,4,4,4,5,4,5,4,4,5,4
299,2,2,1,5,18,2,45,466,3,4,4,3,3,3,2,2,2,4,5,5,3,4,5,4,5,5,5,5,4,5,5,4,5,5,4
1022,2,2,1,3,13,3,21,467,2,5,3,1,5,1,1,5,2,2,1,1,1,1,2,1,2,3,2,1,1,2,2,2,2,1,2
4042,1,1,1,2,13,2,20,468,3,5,3,3,3,4,1,3,3,3,4,3,3,3,4,3,4,4,5,3,4,4,5,4,3,4,4
4,1,2, ,2,15,3,31,469,5,3,2,5,3,2,5,3,3,5,3,1,5,2,1,5,3,2,5,2,3,5,4,4,5,5,3
3066,1,2,1,3,13,3,21,470,2,2,3,3,3,2,2,2,3,1,2,2,4,3,4,2,1,2,4,4,5,3,3,2,4,5,4
2008,4,2,1,2, ,2,30,471,2,3,4,5,5,5,5,4,5,4,3,4,5,5,4,4,5,4,5,5,5,5,5,5,5,5,5
1000,6,2,1,0,14,2,26,472,2,1,2,1,1,4,2,1,2,1,1,4,2,3,3,3,2,3,3,2,3,3,3,4,2,2,2
2004,6,2,1,0,18,2,42,473,4,3,3,5,4,4,5,4,4,4,4,4,5,3,4,4,4,3,5,5,3,4,5,4,4,5,3
1022,1,1,1,1,12,3,21,474,3,5,5,1,5,5,3,5,5,3,5,5,2,5,5,1,5,5,4,5,5,3,5,5,4,5,5
4000,7,1,1,3,13,4,20,475,5,2,4,4,2,4,5,2,4,3,2,5,4,4,4,5,3,4,5,2,3,4,3,5,5,3,3
1022,2,2,1,2,13,2,22,476,3,5,5,3,4,5,4,4,5,3,3,5,2,3,5,3,4,5,3,4,5,2,3,5,3,4,5
404,6,2,1,2,13,3,22,477,4,5,4,4,5,3,2,4,3,2,2,3,4,1,3,3,2,2,5,4,3,4,5,3,3,4,2
404,1,1,1,2,14,2,25,478,3,3,2,1,2,3,1,2,2,1,2,2,1,1,3,1,1,1,3,5,3,2,4,4,3,3,3
1022,1,1,1,2,13,2,19,479,2,2,4,1,3,4,2,4,4,3,4,4,2,4,3,2,4,3,3,4,3,4,4,4,3,3,4
124,1,1,1,0,12,2,19,480,1,2,4,1,3,4,1,4,4,2,3,3,3,3,4,3,4,4,2,3,3,1,3,4,2,3,3
4,2,2,1,2,15,2,31,481,3,1,3,5,2,4,3,1,3,3,2,2,4,2,4,3,2,3,5,4,4,4,4,4,4,3,3
1022,2,1, ,2,12,2,21,482,1,2,3,3,1,4,3,3,3,4,2,1,3,3,1,3,3,2,4,5,4,3,4,4,3,4,3
1022,6,2,1,1,12,2,24,483,2,5,2,2,5,2,1,5,1,5,5,4,5,5,4,5,5,5,4,5,4,4,5,4,4,5,2
1022,6,1,1,2,13,2,18,484,2,4,2,2,3,3,2,3,2,3,2,3,3,3,2,3,2,3,2,4,2,2,3,3,2,4,4
404,1,1,1,2,14,2,23,485,3,3,3,2,2,2,2,2,3,3,4,3,4,3,4,3,2,2,4,2,3,2,2,2,4,4,3
4000,7,2,1,4,15,2,23,486,4,2,5,3,2,4,5,3,5,4,4,5,4,4,5,4,4,3,4,5,4,5,4,4,3,3,4
2004,6,1,1,2,13,2,22,487,4,2,3,4,3,3,3,4,1,3,2,2,2,1,2,3,2,4,3,3,1,2,4,3,4,3,3
3066,1,1,1,2,13,2,19,488,5,4,4,5,3,3,5,4,2,5,3,4,5,3,2,5,2,4,5,4,4,5,3,3,5,4,3
299,6,2,1,4,14,4,36,489,5,2,3,5,1,2,5,1,3,5,3,5,5,3,5,5,2,5,5,4,4,5,2,3,5,2,2
1000,6,1,1,0,14,2,22,490,5,5,5,5,4,4,5,5,5,5,1,2,5,2,1,5,1,1,5,3,2,5,2,3,5,3,3
1022,1,1,1,2,12,2,19,491,5,5,4,5,4,3,5,5,5,3,2,3,2,3,3,2,3,4,5,3,3,5,4,4,5,2,4
3066,6,1,1,5,14,2,22,492,4,5,4,5,5,4,5,4,4,4,4,5,5,4,4,5,5,3,4,5,3,2,4,4,2,3,4
1022,2,4,1,3,13,2,24,493,5,4,4,4,4,5,3,4,4,5,5,4,4,3,3,3,4,3,4,4,3,2,4,3,4,4,4
4042,2,1,1,0,11,2,22,494,3,2,4,2,2,4,4,3,3,3,3,4,4,4,5,4,4,5,5,4,5,3,4,4,4,4,5
1022,2,1,1,3,13,2,19,495,4,4,3,4,4,4,4,4,1,4,5,4,3,4,3,5,4,4,4,3,3,4,4,3,4,4,3
