"id","female","lb_wght","anti_k1","math","grade","occ","age","men","spring","anti"
201,1,0,0,38,3,2,111,0,1,0
201,1,0,0,55,5,3,135,1,1,0
303,1,0,1,26,2,2,121,0,1,2
303,1,0,1,33,5,3,145,0,1,2
2702,0,0,0,56,2,2,100,NA,1,0
2702,0,0,0,58,4,3,125,NA,1,2
2702,0,0,0,80,8,4,173,NA,1,2
4303,1,0,0,41,3,2,115,0,0,1
4303,1,0,0,58,4,3,135,0,1,2
5002,0,0,4,46,4,2,117,NA,1,4
5002,0,0,4,54,6,3,145,NA,0,1
5002,0,0,4,66,8,4,167,NA,1,5
5005,1,0,0,35,2,2,93,0,0,2
5005,1,0,0,50,4,3,115,0,1,2
5005,1,0,0,60,6,4,139,0,1,1
5005,1,0,0,59,8,5,163,1,1,3
5701,0,0,2,62,3,2,111,NA,0,2
5701,0,0,2,61,4,3,134,NA,0,1
6102,0,0,0,55,4,2,120,NA,0,1
6102,0,0,0,67,5,3,141,NA,1,0
6102,0,0,0,81,7,4,164,NA,1,0
6801,1,0,0,54,3,2,106,0,1,0
6801,1,0,0,62,5,3,130,0,1,0
6801,1,0,0,66,7,4,153,0,1,0
6802,0,0,0,55,3,2,107,NA,1,0
6802,0,0,0,66,5,3,130,NA,1,1
6802,0,0,0,68,7,4,153,NA,1,0
6803,1,0,0,57,3,2,113,0,1,0
6803,1,0,0,70,5,3,136,0,1,1
9603,0,0,0,35,2,2,97,NA,1,1
9603,0,0,0,59,4,3,120,NA,1,0
12401,1,0,0,34,3,2,97,0,0,1
12401,1,0,0,50,4,3,117,0,1,1
12801,0,0,2,48,4,3,117,NA,0,2
13702,1,0,0,54,3,2,109,0,1,0
13702,1,0,0,64,6,3,133,0,1,0
13702,1,0,0,63,7,4,157,0,1,0
13801,0,0,1,66,3,2,112,NA,1,1
13801,0,0,1,65,5,3,135,NA,1,0
13803,1,0,0,58,3,2,106,0,1,0
13803,1,0,0,60,5,3,130,0,1,0
17201,1,0,0,46,3,2,108,0,1,1
17201,1,0,0,65,5,3,132,0,1,1
18601,0,0,1,27,4,3,113,NA,0,NA
22104,1,0,0,24,2,2,108,0,1,0
22104,1,0,0,41,4,3,132,0,1,2
22901,0,0,0,32,3,2,101,NA,0,0
22901,0,0,0,49,5,3,147,NA,1,0
23602,0,0,2,57,4,3,117,NA,0,1
23701,1,0,3,48,4,2,111,0,0,4
23701,1,0,3,49,6,3,136,0,0,5
24402,1,0,5,44,4,2,109,0,0,7
24402,1,0,5,59,5,3,132,1,0,4
26201,1,0,1,39,2,2,88,0,0,2
26201,1,0,1,68,5,3,131,0,1,1
26201,1,0,1,71,8,4,159,0,0,1
28503,0,0,1,14,2,2,89,NA,0,0
28503,0,0,1,48,4,3,133,NA,1,1
29201,0,0,1,52,2,2,101,NA,1,2
29201,0,0,1,67,4,3,125,NA,1,2
29201,0,0,1,65,7,4,152,NA,0,2
29201,0,0,1,75,8,5,173,NA,1,2
29202,0,0,0,44,2,2,104,NA,1,0
29202,0,0,0,64,5,3,132,NA,0,0
29202,0,0,0,73,6,4,153,NA,1,0
34401,0,0,1,52,2,2,100,NA,1,6
34401,0,0,1,67,4,3,124,NA,1,4
34401,0,0,1,79,8,4,174,NA,0,4
35401,0,0,1,44,3,2,109,NA,1,0
35401,0,0,1,64,5,3,133,NA,1,0
35401,0,0,1,69,7,4,157,NA,1,0
35402,1,0,0,53,3,2,106,0,1,0
35402,1,0,0,45,5,3,129,0,1,0
35402,1,0,0,61,7,4,153,1,1,3
36901,1,1,1,62,3,2,105,0,1,1
36901,1,1,1,65,5,3,130,0,1,1
36901,1,1,1,74,7,4,154,1,1,3
36902,0,0,1,48,2,2,99,NA,1,0
36902,0,0,1,62,4,3,122,NA,1,0
36902,0,0,1,65,6,4,146,NA,1,1
36902,0,0,1,72,8,5,169,NA,1,0
37403,0,0,0,37,2,2,97,NA,0,0
37403,0,0,0,45,6,3,146,NA,0,0
38202,1,0,1,27,2,2,89,0,0,1
38202,1,0,1,38,3,3,113,0,0,0
38802,0,0,0,38,4,3,120,NA,1,3
38802,0,0,0,43,6,4,145,NA,1,0
40501,0,0,2,42,3,2,103,NA,1,1
40501,0,0,2,52,6,3,127,NA,1,2
40702,0,0,0,46,2,2,93,NA,1,0
40702,0,0,0,52,4,3,117,NA,1,0
40702,0,0,0,60,6,4,140,NA,1,0
42504,0,0,3,47,4,2,126,NA,1,4
42504,0,0,3,64,6,3,150,NA,1,4
42505,1,0,0,50,3,2,108,0,1,1
42505,1,0,0,60,5,3,131,0,1,1
42505,1,0,0,53,7,4,154,0,1,0
43103,1,0,3,62,6,3,147,1,1,3
43103,1,0,3,66,8,4,170,1,1,2
45201,0,0,3,40,2,2,97,NA,1,1
45201,0,0,3,63,4,3,121,NA,1,3
45201,0,0,3,64,6,4,145,NA,1,3
45903,0,0,2,65,3,2,109,NA,1,1
45903,0,0,2,66,6,3,132,NA,1,4
46201,0,0,0,51,3,2,109,NA,1,0
46201,0,0,0,66,5,3,134,NA,1,0
46201,0,0,0,79,7,4,157,NA,1,0
47201,0,0,3,58,2,2,100,NA,1,0
47201,0,0,3,63,4,3,123,NA,1,0
47402,0,0,2,45,4,2,112,NA,0,2
47402,0,0,2,54,6,3,157,NA,1,6
47601,1,1,1,32,2,2,92,0,1,3
47601,1,1,1,48,4,3,115,0,1,1
47601,1,1,1,58,8,4,164,1,1,2
48502,0,0,0,29,2,2,100,NA,1,1
48502,0,0,0,58,6,3,149,NA,1,0
49501,0,0,3,35,2,2,97,NA,1,3
49501,0,0,3,50,4,3,120,NA,1,2
53601,1,0,2,38,3,2,105,0,0,4
53601,1,0,2,45,6,3,149,1,1,5
55201,0,0,3,65,5,3,136,NA,1,2
55201,0,0,3,69,7,4,160,NA,1,3
55801,1,0,1,43,4,2,111,0,1,1
55801,1,0,1,52,6,3,135,0,1,3
55801,1,0,1,63,7,4,159,1,1,2
56301,1,0,3,24,3,2,104,0,0,2
56301,1,0,3,45,5,3,129,0,0,1
56301,1,0,3,55,7,4,152,0,0,2
56302,1,0,2,37,3,2,103,0,0,1
56302,1,0,2,46,5,3,127,0,0,2
57604,0,0,4,41,2,2,97,NA,1,3
57604,0,0,4,67,4,3,120,NA,1,4
58503,1,0,1,25,3,3,115,0,0,3
58503,1,0,1,50,6,4,160,1,1,3
62102,0,0,2,47,3,2,104,NA,1,3
62102,0,0,2,70,6,3,153,NA,1,2
62103,1,1,2,14,2,2,98,0,1,1
62103,1,1,2,32,3,3,121,0,1,4
62103,1,1,2,45,5,4,145,1,1,4
62202,0,0,2,60,3,2,114,NA,1,1
62202,0,0,2,66,5,3,136,NA,1,0
62703,0,0,2,32,2,2,100,NA,1,3
62703,0,0,2,64,6,3,149,NA,1,4
64002,0,0,3,43,2,2,104,NA,1,2
64002,0,0,3,51,6,3,154,NA,1,4
65601,1,0,0,55,3,2,104,0,1,0
65601,1,0,0,62,6,3,128,0,1,0
65701,1,0,0,55,4,2,113,0,1,0
65701,1,0,0,71,6,3,142,0,0,0
66002,0,0,1,40,2,2,100,NA,1,0
66002,0,0,1,66,6,3,149,NA,1,1
70801,0,1,1,44,4,2,127,NA,0,3
70801,0,1,1,52,6,3,150,NA,0,1
73602,0,0,1,42,2,2,103,NA,1,0
73602,0,0,1,51,4,3,127,NA,1,1
74602,0,0,4,39,2,2,94,NA,1,3
74602,0,0,4,53,5,3,122,NA,0,3
75603,1,0,2,20,2,2,93,0,1,2
75603,1,0,2,34,5,3,120,0,0,2
76402,0,0,2,51,4,2,122,NA,1,3
76402,0,0,2,45,6,3,146,NA,1,2
76403,0,0,1,44,3,2,110,NA,1,2
76403,0,0,1,58,5,3,134,NA,1,3
80102,1,0,3,36,3,2,98,0,0,0
80102,1,0,3,55,5,3,122,0,0,3
80102,1,0,3,65,8,4,166,NA,1,1
82901,1,0,4,41,3,2,122,0,1,4
82901,1,0,4,46,6,3,150,1,0,4
83001,1,0,0,39,3,2,106,0,0,1
83001,1,0,0,48,6,3,150,0,1,0
83101,1,0,3,26,2,2,96,0,1,6
83101,1,0,3,38,4,3,120,0,1,4
83101,1,0,3,43,6,4,143,0,1,4
83101,1,0,3,50,8,5,167,1,1,5
83102,1,1,2,43,3,2,110,0,1,4
83102,1,1,2,44,5,3,134,0,1,5
83602,0,0,8,49,3,2,113,NA,1,3
83602,0,0,8,58,6,3,141,NA,0,6
83602,0,0,8,61,8,4,165,NA,0,5
83603,0,1,2,34,3,2,104,NA,0,4
83603,0,1,2,53,5,3,128,NA,0,3
83603,0,1,2,52,6,4,149,NA,1,3
85402,0,0,0,41,4,2,127,NA,0,1
85402,0,0,0,51,5,3,146,NA,1,3
87501,0,0,0,48,4,2,130,NA,1,0
87501,0,0,0,51,6,3,154,NA,1,2
87901,1,0,2,38,3,2,96,0,1,0
87901,1,0,2,49,4,3,120,0,1,1
88902,0,0,3,27,2,2,94,NA,0,3
88902,0,0,3,37,3,3,118,NA,0,4
88902,0,0,3,49,7,4,162,NA,1,5
89303,0,0,1,42,3,2,111,NA,0,3
89303,0,0,1,47,5,3,133,NA,1,2
89803,1,0,2,41,3,2,110,0,1,1
89803,1,0,2,68,6,3,135,0,1,1
90002,1,0,3,60,4,2,118,0,1,2
90002,1,0,3,65,6,3,143,0,1,1
92303,1,0,0,48,3,2,113,0,1,0
92303,1,0,0,46,6,3,140,0,0,1
93202,1,0,3,30,3,2,102,0,0,2
93202,1,0,3,43,5,3,126,0,0,0
93901,0,0,3,34,3,2,110,NA,0,NA
93901,0,0,3,46,5,3,134,NA,0,1
94002,0,0,2,30,2,2,97,NA,0,NA
94002,0,0,2,61,5,3,142,NA,1,3
94002,0,0,2,68,7,4,166,NA,1,3
96201,1,0,1,30,2,2,91,0,0,1
96201,1,0,1,51,6,3,139,0,0,2
96201,1,0,1,50,7,4,158,1,1,4
96202,0,0,2,37,4,2,119,NA,0,2
96202,0,0,2,46,5,3,139,NA,1,6
98102,1,0,0,45,2,2,104,0,1,1
98102,1,0,0,60,5,3,132,0,0,0
98102,1,0,0,64,6,4,153,0,1,1
101701,1,0,1,43,3,2,108,0,1,1
101701,1,0,1,49,5,3,133,0,1,1
101701,1,0,1,46,7,4,158,1,1,1
101702,0,0,3,22,2,2,94,NA,1,4
101702,0,0,3,50,4,3,120,NA,1,2
101702,0,0,3,49,6,4,144,NA,1,2
101702,0,0,3,57,8,5,167,NA,1,3
103501,1,0,0,29,2,2,96,0,0,2
103501,1,0,0,44,6,3,141,1,1,1
103501,1,0,0,43,8,4,165,1,1,3
108201,0,0,1,58,2,2,101,NA,1,0
108201,0,0,1,69,4,3,125,NA,1,0
113001,1,1,1,42,3,2,109,0,0,NA
113001,1,1,1,70,5,3,130,0,1,0
113001,1,1,1,67,7,4,155,1,1,2
113201,0,0,6,47,4,2,116,NA,0,1
113201,0,0,6,62,5,3,136,NA,1,4
114101,1,0,0,18,2,2,94,0,0,0
114101,1,0,0,50,6,3,139,0,1,0
114101,1,0,0,46,7,4,163,1,1,3
114702,0,0,3,49,4,2,115,NA,0,1
114702,0,0,3,55,5,3,132,NA,1,0
115901,0,0,0,35,2,2,90,NA,0,0
115901,0,0,0,48,5,3,135,NA,1,0
115901,0,0,0,72,8,4,159,NA,1,1
116002,1,0,0,37,2,2,97,0,1,0
116002,1,0,0,61,8,4,170,NA,1,0
116004,1,0,0,52,3,2,107,0,1,0
116004,1,0,0,65,5,3,130,0,1,0
118402,1,0,2,51,3,2,106,0,0,4
118402,1,0,2,65,4,3,125,0,1,3
118402,1,0,2,66,7,4,153,0,0,3
122301,1,1,1,24,3,2,107,0,0,1
122301,1,1,1,42,4,3,126,1,1,3
124201,1,0,1,35,3,2,107,0,1,1
124201,1,0,1,45,5,3,131,0,1,3
124402,1,0,2,29,3,2,107,0,1,3
124402,1,0,2,41,5,3,131,0,1,3
124402,1,0,2,44,7,4,155,1,1,4
125002,1,0,1,37,2,2,106,0,0,0
125002,1,0,1,44,4,3,127,0,1,2
125002,1,0,1,47,6,4,150,1,1,3
126101,1,0,0,41,2,2,101,0,1,0
126101,1,0,0,47,4,3,125,0,1,0
126101,1,0,0,62,6,4,150,1,1,1
129502,0,0,6,37,3,3,126,NA,1,3
129502,0,0,6,43,5,4,150,NA,1,8
129601,1,0,2,23,2,2,88,0,0,0
129601,1,0,2,42,4,3,113,0,0,2
129601,1,0,2,42,6,4,136,1,0,5
129601,1,0,2,49,7,5,156,1,1,4
129602,0,0,1,43,3,3,115,NA,1,1
132301,0,0,0,40,3,2,93,NA,1,0
132301,0,0,0,64,4,3,117,NA,1,0
132402,1,0,1,28,3,2,123,0,1,1
132402,1,0,1,45,6,3,147,0,1,0
132402,1,0,1,49,7,4,171,1,1,0
132403,0,0,1,40,3,2,96,NA,1,0
132403,0,0,1,40,5,3,121,NA,1,1
132403,0,0,1,53,6,4,145,NA,1,0
136001,1,0,5,47,6,3,161,0,1,2
138901,1,0,1,39,2,2,90,0,1,1
138901,1,0,1,44,4,3,113,0,1,1
138901,1,0,1,47,6,4,138,0,1,0
138902,0,0,2,38,3,2,102,NA,1,1
138902,0,0,2,45,5,3,127,NA,1,0
139902,1,0,0,46,2,2,98,0,1,0
139902,1,0,0,71,6,3,146,0,1,1
139902,1,0,0,77,8,4,169,1,1,1
140004,0,0,1,24,2,2,100,NA,1,0
140004,0,0,1,52,5,3,127,NA,0,5
140104,0,0,2,34,3,2,124,NA,0,1
140104,0,0,2,45,6,3,170,NA,0,3
140901,0,0,3,19,2,2,84,NA,0,0
140901,0,0,3,47,3,3,108,NA,0,1
140901,0,0,3,56,5,4,129,NA,1,1
140902,0,0,4,41,2,2,98,NA,1,2
140902,0,0,4,48,6,3,145,NA,1,3
141001,0,0,0,47,3,2,99,NA,0,0
141001,0,0,0,61,5,3,122,NA,0,0
141601,0,0,0,49,3,2,112,NA,0,1
141601,0,0,0,49,5,3,135,NA,0,1
141603,0,1,0,37,2,2,94,NA,0,2
141603,0,1,0,50,6,3,140,NA,0,1
143901,0,0,1,44,3,2,108,NA,1,NA
143901,0,0,1,53,5,3,133,NA,1,5
144004,0,0,0,44,3,2,111,NA,0,3
144004,0,0,0,44,5,3,130,NA,1,1
144004,0,0,0,55,7,4,153,NA,1,3
153203,1,0,2,54,2,2,93,0,1,4
153203,1,0,2,66,4,3,116,0,1,2
153203,1,0,2,66,6,4,141,0,1,1
153204,0,1,4,14,2,2,105,NA,1,0
153204,0,1,4,25,4,3,130,NA,1,4
153801,0,0,2,46,3,2,115,NA,0,1
153801,0,0,2,48,6,3,140,NA,0,0
155902,1,1,5,27,2,2,112,0,1,2
155902,1,1,5,39,5,3,140,0,0,1
156401,1,1,0,52,2,2,97,0,1,0
156401,1,1,0,59,4,3,121,0,1,0
156605,1,0,3,49,3,2,104,0,1,2
156605,1,0,3,63,5,3,127,0,1,1
158701,0,0,1,60,4,2,123,NA,1,3
158701,0,0,1,63,6,3,147,NA,1,2
158702,1,0,1,44,2,2,97,0,1,0
158702,1,0,1,63,4,3,121,0,1,2
158702,1,0,1,67,6,4,146,1,1,2
158702,1,0,1,75,8,5,170,1,1,1
159605,1,0,2,24,4,2,123,0,1,0
159605,1,0,2,31,5,3,146,0,1,4
159606,0,0,3,28,3,2,123,NA,1,0
159606,0,0,3,38,5,3,146,NA,1,6
159801,0,0,2,18,2,2,99,NA,1,2
159801,0,0,2,51,6,3,147,NA,1,2
159801,0,0,2,54,8,4,171,NA,1,0
165501,0,0,3,32,3,2,123,NA,1,0
165501,0,0,3,43,6,3,147,NA,1,3
165602,0,0,0,39,4,2,108,NA,0,0
165602,0,0,0,64,5,3,129,NA,1,0
165602,0,0,0,57,7,4,153,NA,1,0
165701,0,0,2,25,3,2,112,NA,1,1
165701,0,0,2,41,5,3,136,NA,1,1
165701,0,0,2,40,7,4,160,NA,1,1
165801,1,0,1,56,4,3,118,0,1,1
165801,1,0,1,59,5,4,141,0,1,3
165801,1,0,1,66,7,5,165,1,1,0
166602,1,0,0,40,4,2,122,0,1,0
166602,1,0,0,55,6,3,147,1,1,0
166603,1,0,0,18,2,2,101,0,1,0
166603,1,0,0,33,4,3,127,0,1,1
167501,0,0,2,49,2,2,102,NA,1,1
167501,0,0,2,62,4,3,126,NA,1,3
167501,0,0,2,78,6,4,151,NA,1,2
167502,0,0,0,57,2,2,99,NA,1,1
167502,0,0,0,70,4,3,123,NA,1,0
167502,0,0,0,76,6,4,146,NA,1,1
169003,0,0,2,45,4,2,118,NA,1,1
169003,0,0,2,45,6,3,141,NA,1,1
169003,0,0,2,61,8,4,164,NA,1,1
170403,1,0,4,39,3,2,112,0,1,2
170403,1,0,4,43,5,3,135,0,1,2
170403,1,0,4,44,8,4,164,1,0,4
170404,1,0,2,33,3,2,112,0,1,0
170404,1,0,2,43,6,3,140,0,0,1
171401,0,0,0,17,2,2,88,NA,1,4
171401,0,0,0,42,5,3,141,NA,0,3
171401,0,0,0,48,6,4,160,NA,1,2
172502,0,0,2,41,2,2,94,NA,0,3
172502,0,0,2,53,3,3,116,NA,1,4
172502,0,0,2,53,5,4,140,NA,1,0
172502,0,0,2,57,7,5,167,NA,0,2
173001,1,0,0,38,2,2,98,0,1,2
173001,1,0,0,39,6,3,147,0,1,2
173001,1,0,0,29,8,4,171,1,1,4
173201,1,0,1,50,6,3,136,0,1,2
174001,1,0,5,44,2,2,92,0,1,5
174001,1,0,5,58,4,3,115,0,1,4
175405,1,0,1,20,2,2,92,0,1,1
175405,1,0,1,29,5,3,122,0,0,1
175801,1,0,0,27,3,2,103,0,0,0
175801,1,0,0,42,6,3,147,1,1,2
175801,1,0,0,49,8,4,170,1,1,4
176003,0,1,1,57,3,2,102,NA,1,0
176003,0,1,1,48,5,3,124,NA,1,0
178901,1,0,1,24,2,2,99,NA,0,1
178901,1,0,1,42,6,3,144,1,0,2
179401,0,0,3,33,3,2,110,NA,0,4
179401,0,0,3,47,6,3,153,NA,1,4
179701,0,0,2,38,3,2,103,NA,0,4
179701,0,0,2,47,6,3,151,NA,0,1
179701,0,0,2,51,8,4,175,NA,0,2
180301,1,0,1,48,3,2,97,0,0,0
180301,1,0,1,50,6,3,141,0,1,1
180301,1,0,1,80,8,4,165,1,1,1
181801,1,0,3,43,4,2,122,0,0,3
181801,1,0,3,49,6,3,147,0,0,3
182903,0,0,1,50,5,3,138,NA,1,6
185304,1,0,0,44,3,2,104,0,1,0
185304,1,0,0,45,5,3,127,0,1,1
187803,0,0,0,37,2,2,101,NA,1,0
187803,0,0,0,64,6,3,150,NA,1,0
188002,0,0,0,42,2,2,98,NA,1,0
188002,0,0,0,58,4,3,123,NA,1,1
188002,0,0,0,60,8,4,171,NA,1,0
188502,0,0,0,48,3,2,112,NA,1,0
188502,0,0,0,64,5,3,135,NA,1,0
189601,0,0,0,51,3,2,113,NA,1,2
189601,0,0,0,64,6,3,141,NA,0,2
189601,0,0,0,65,7,4,162,NA,1,1
189602,0,0,6,36,3,2,101,NA,0,5
189602,0,0,6,51,4,3,123,NA,1,5
189602,0,0,6,72,8,4,170,NA,1,3
190202,1,0,0,40,3,2,103,0,1,2
190202,1,0,0,50,6,3,128,0,1,0
190501,1,0,0,68,4,2,128,0,1,0
190501,1,0,0,65,6,3,152,0,1,0
191202,0,0,4,29,2,2,91,NA,1,3
191202,0,0,4,42,3,3,115,NA,1,4
191202,0,0,4,62,5,4,138,NA,1,3
191202,0,0,4,57,7,5,162,NA,1,4
193601,1,0,0,13,2,2,103,0,1,0
193601,1,0,0,52,4,3,128,0,1,0
193601,1,0,0,58,6,4,151,0,1,0
193803,1,0,1,41,3,2,104,0,1,2
193803,1,0,1,61,5,3,128,0,1,2
193803,1,0,1,61,7,4,152,1,1,2
196002,1,0,3,31,2,2,110,0,1,3
196002,1,0,3,37,4,3,132,0,1,0
196201,0,0,1,36,3,2,97,NA,0,0
196201,0,0,1,52,5,3,119,NA,0,1
196201,0,0,1,61,7,4,143,NA,0,0
196202,1,0,1,36,3,2,96,0,0,0
196202,1,0,1,50,6,3,140,0,1,2
196202,1,0,1,55,8,4,165,1,1,3
204602,1,0,0,51,3,2,107,0,1,0
204602,1,0,0,59,5,3,129,0,1,0
205802,1,0,2,41,3,2,93,0,1,1
205802,1,0,2,65,6,3,141,0,1,1
205802,1,0,2,81,8,4,164,1,1,1
207102,1,0,1,56,3,3,118,0,1,0
207102,1,0,1,70,6,4,142,0,1,1
207202,1,0,3,39,2,2,104,0,1,2
207202,1,0,3,52,5,3,131,0,0,NA
207202,1,0,3,69,6,4,151,0,1,2
207301,1,0,3,49,4,2,125,0,1,NA
207301,1,0,3,47,6,3,149,1,1,2
212001,1,0,1,45,3,2,119,1,0,1
212001,1,0,1,66,5,3,138,1,1,3
212001,1,0,1,62,7,4,161,1,1,3
213101,0,0,5,38,2,2,103,NA,0,3
213101,0,0,5,42,4,3,128,NA,0,4
213702,0,0,1,46,4,2,113,NA,0,2
213702,0,0,1,47,5,3,133,NA,1,0
213702,0,0,1,63,7,4,158,NA,1,1
215304,1,0,3,31,3,2,103,0,0,3
215304,1,0,3,46,5,3,124,0,1,3
215304,1,0,3,64,8,4,171,1,1,4
216701,1,0,0,49,3,2,106,0,0,1
216701,1,0,0,55,5,3,126,0,1,1
217402,0,0,5,43,3,2,103,NA,0,3
217402,0,0,5,61,6,3,148,NA,1,2
219003,1,0,0,33,2,2,102,0,1,0
219003,1,0,0,56,5,3,129,0,0,1
219003,1,0,0,67,7,4,153,0,0,0
220401,0,0,1,24,2,2,92,NA,1,1
220401,0,0,1,63,4,3,117,NA,1,0
221202,0,1,0,48,3,2,99,NA,1,0
221202,0,1,0,66,6,3,147,NA,1,0
223002,0,0,2,61,3,2,109,NA,1,2
223002,0,0,2,70,5,3,134,NA,1,6
224901,1,0,0,26,2,2,85,0,0,0
224901,1,0,0,35,3,3,107,0,0,0
224901,1,0,0,45,7,4,153,NA,1,2
226001,1,0,2,16,3,2,98,0,0,4
226001,1,0,2,43,5,3,120,0,0,1
226502,0,0,4,26,3,2,108,NA,0,3
226502,0,0,4,42,5,3,131,NA,0,1
226502,0,0,4,48,7,4,151,NA,1,3
226704,0,0,2,32,3,2,124,NA,0,4
226704,0,0,2,46,5,3,147,NA,0,3
226704,0,0,2,51,6,4,169,NA,1,5
227002,0,0,2,57,4,2,125,NA,1,1
227002,0,0,2,55,6,3,148,NA,1,2
227002,0,0,2,46,7,4,172,NA,1,1
227101,1,1,3,17,3,2,111,0,1,0
227101,1,1,3,44,5,3,136,1,1,0
227101,1,1,3,46,8,4,160,1,1,2
227102,0,1,0,46,4,2,106,NA,1,0
227102,0,1,0,45,5,3,130,NA,1,0
227102,0,1,0,71,7,4,154,NA,1,0
227201,0,0,0,36,4,2,113,NA,0,0
227201,0,0,0,48,6,3,136,NA,0,1
227201,0,0,0,53,8,4,160,NA,0,0
231502,1,0,1,18,3,2,101,0,0,0
231502,1,0,1,43,4,3,121,1,1,0
233301,0,0,2,42,3,2,109,NA,1,2
233301,0,0,2,50,6,3,158,NA,1,5
233901,1,1,0,55,3,2,115,0,1,0
233901,1,1,0,62,5,3,139,0,1,0
233902,1,1,3,52,3,2,115,0,1,4
233902,1,1,3,56,5,3,139,1,1,0
235503,0,1,3,29,3,2,116,NA,1,0
235503,0,1,3,41,5,3,141,NA,1,3
236002,0,0,1,38,3,2,108,NA,0,0
236002,0,0,1,43,5,3,132,NA,0,1
236002,0,0,1,46,6,4,153,NA,1,3
236201,1,0,0,23,3,2,101,0,0,1
236201,1,0,0,44,4,3,126,1,0,4
236202,0,1,1,16,2,2,100,NA,1,2
236202,0,1,1,39,4,3,123,NA,1,1
236901,0,0,0,45,3,2,104,NA,1,1
236901,0,0,0,65,6,3,152,NA,1,0
237501,1,0,6,46,3,2,111,0,1,4
237501,1,0,6,61,6,3,136,0,1,NA
237501,1,0,6,70,8,4,162,1,0,0
238301,1,0,2,42,3,3,112,0,1,1
238301,1,0,2,50,7,4,159,0,1,1
239603,1,0,1,30,3,2,96,0,0,0
239603,1,0,1,45,6,3,140,0,1,2
239603,1,0,1,46,8,4,164,1,1,2
239604,0,0,1,28,2,2,93,NA,1,1
239604,0,0,1,42,3,3,115,NA,1,0
239604,0,0,1,46,6,4,139,NA,1,2
240701,1,0,2,36,3,2,103,0,0,3
240701,1,0,2,40,5,3,126,0,0,3
240701,1,0,2,49,7,4,150,1,0,4
240702,0,0,2,20,2,2,92,NA,0,1
240702,0,0,2,51,6,3,137,NA,1,1
244201,0,1,0,42,3,2,108,NA,0,1
244201,0,1,0,47,4,3,129,NA,1,0
244702,1,1,4,37,3,2,103,0,0,6
244702,1,1,4,47,5,3,126,0,0,5
245903,0,0,6,47,3,2,115,NA,1,1
245903,0,0,6,41,6,3,144,NA,0,3
248402,1,0,1,27,3,3,118,0,1,1
250502,0,0,4,43,3,3,114,NA,0,5
250502,0,0,4,62,7,4,158,NA,1,5
252902,0,1,2,29,2,2,105,NA,1,0
252902,0,1,2,33,5,3,130,NA,1,1
253001,0,0,1,41,3,2,116,NA,1,3
253001,0,0,1,42,6,3,141,NA,1,3
253603,1,1,1,35,3,2,107,0,0,3
253603,1,1,1,40,5,3,132,0,0,2
253802,0,0,0,39,2,2,94,NA,1,1
253802,0,0,0,44,4,3,118,NA,1,4
253802,0,0,0,48,7,4,142,NA,1,2
253802,0,0,0,58,8,5,166,NA,1,2
254901,1,0,2,42,4,2,120,0,1,3
254901,1,0,2,59,6,3,144,0,1,3
255201,0,0,2,47,2,2,103,NA,1,4
255201,0,0,2,49,4,3,127,NA,1,1
255901,0,0,1,13,3,2,106,NA,0,3
255901,0,0,1,38,4,3,127,NA,1,4
255901,0,0,1,44,7,4,154,NA,0,4
255902,0,0,4,30,2,2,107,NA,1,4
255902,0,0,4,41,5,3,133,NA,0,4
255902,0,0,4,48,6,4,155,NA,1,4
255903,1,0,1,42,3,2,118,0,1,2
255903,1,0,1,51,5,3,140,0,1,NA
258801,0,0,1,52,3,2,107,NA,1,1
258801,0,0,1,65,6,3,135,NA,0,1
260702,1,0,2,48,3,2,108,0,0,2
260702,1,0,2,66,4,3,128,0,1,2
261501,1,0,4,22,2,2,84,0,0,5
261501,1,0,4,38,4,3,130,0,1,3
261501,1,0,4,50,6,4,154,1,1,4
261502,0,0,4,29,4,2,120,NA,1,4
261502,0,0,4,51,6,3,147,NA,0,3
261502,0,0,4,67,7,4,168,NA,1,3
261503,0,0,4,34,2,2,105,NA,1,4
261503,0,0,4,47,5,3,132,NA,0,3
261503,0,0,4,44,6,4,153,NA,1,3
262601,0,0,5,51,3,2,116,NA,1,3
262601,0,0,5,53,5,3,140,NA,1,6
262601,0,0,5,62,7,4,163,NA,1,2
262602,1,0,4,59,3,2,109,0,1,6
262602,1,0,4,64,5,3,132,0,1,6
263801,1,0,4,44,3,2,100,0,0,3
263801,1,0,4,65,4,3,118,0,1,4
265902,1,0,2,39,2,2,94,NA,1,1
265902,1,0,2,43,4,3,117,1,1,1
265902,1,0,2,49,8,4,166,1,1,1
268301,0,0,2,32,3,2,116,NA,0,3
268301,0,0,2,41,4,3,138,NA,0,2
268303,0,0,4,35,3,2,114,NA,0,2
268303,0,0,4,46,5,3,135,NA,1,4
268901,1,0,4,35,2,2,105,0,1,6
268901,1,0,4,44,5,3,130,0,1,5
268902,0,0,4,44,2,2,112,NA,1,4
268902,0,0,4,51,6,3,159,NA,1,0
269001,0,0,4,36,3,2,117,NA,0,2
269001,0,0,4,46,6,3,161,NA,1,5
269101,1,0,1,44,3,2,115,0,1,0
269101,1,0,1,54,5,3,138,1,1,0
269101,1,0,1,58,8,4,162,1,1,0
269102,1,0,3,26,3,2,107,0,1,4
269102,1,0,3,54,5,3,131,0,1,3
269102,1,0,3,58,7,4,155,1,1,2
269902,1,0,1,42,3,3,110,0,1,0
269902,1,0,1,60,5,4,133,0,1,0
271001,1,0,1,34,2,2,102,0,1,0
271001,1,0,1,50,6,3,151,NA,1,0
272903,1,0,3,39,2,2,94,0,1,2
272903,1,0,3,51,4,3,118,0,1,3
272903,1,0,3,49,6,4,140,0,1,4
273501,0,0,1,41,2,2,93,NA,0,2
273501,0,0,1,51,4,3,117,NA,0,2
273501,0,0,1,64,6,4,139,NA,1,2
273501,0,0,1,65,8,5,162,NA,1,2
274401,1,0,3,41,4,2,116,0,1,2
274401,1,0,3,42,6,3,139,1,1,2
277002,0,0,0,42,4,2,115,NA,0,0
277002,0,0,0,50,6,3,137,NA,0,2
277002,0,0,0,51,8,4,161,NA,0,1
277003,1,0,0,48,4,2,115,0,0,0
277003,1,0,0,48,6,3,137,0,0,0
277003,1,0,0,62,8,4,161,1,0,0
277502,1,0,0,41,3,2,113,0,1,1
277502,1,0,0,50,6,3,142,0,0,1
278103,1,0,0,43,3,2,107,0,1,0
278103,1,0,0,47,5,3,131,0,1,2
278103,1,0,0,75,7,4,155,0,1,0
281001,1,0,0,42,3,2,97,0,0,0
281001,1,0,0,41,6,3,142,0,1,0
281901,1,0,1,43,4,2,115,0,0,0
281901,1,0,1,50,6,3,138,0,0,0
282602,0,0,2,42,4,2,119,NA,0,0
282602,0,0,2,63,5,3,140,NA,1,2
282603,1,0,0,44,3,2,102,0,0,NA
282603,1,0,0,64,4,3,123,0,1,2
287702,0,0,1,61,4,2,122,NA,1,1
287702,0,0,1,72,6,3,145,NA,1,2
288501,1,0,4,44,3,2,102,0,0,5
288501,1,0,4,64,6,3,147,1,1,5
288501,1,0,4,67,8,4,172,1,1,3
290901,1,0,0,62,4,2,122,0,1,0
290901,1,0,0,76,6,3,145,0,1,0
290902,0,0,0,39,2,2,103,NA,1,0
290902,0,0,0,52,4,3,131,NA,0,0
291101,1,0,1,44,3,2,101,0,0,1
291101,1,0,1,54,5,3,125,0,0,2
291101,1,0,1,62,6,4,148,1,0,NA
294902,0,0,0,59,3,2,108,NA,1,0
294902,0,0,0,66,5,3,132,NA,1,0
294902,0,0,0,68,8,4,158,NA,0,2
294903,1,0,0,45,3,2,105,0,1,0
294903,1,0,0,51,6,3,131,0,0,0
295901,1,0,1,59,2,2,92,0,1,1
295901,1,0,1,60,4,3,116,0,1,1
295901,1,0,1,63,6,4,139,0,1,0
295902,0,0,1,55,2,2,92,NA,1,1
295902,0,0,1,59,4,3,116,NA,1,2
296401,0,0,0,49,4,2,108,NA,0,1
296401,0,0,0,45,5,3,128,NA,1,0
296401,0,0,0,73,7,4,153,NA,1,0
297901,1,0,0,45,4,2,109,0,0,1
297901,1,0,0,45,6,3,132,0,0,0
297901,1,0,0,53,8,4,156,0,0,0
297902,0,0,0,28,2,2,93,NA,0,0
297902,0,0,0,44,4,3,117,NA,0,0
297902,0,0,0,62,5,4,137,NA,1,0
297902,0,0,0,53,8,5,164,NA,0,0
298301,1,1,0,43,3,2,110,0,1,0
298301,1,1,0,44,5,3,134,0,1,0
301101,0,0,0,57,3,2,112,NA,1,0
301101,0,0,0,81,8,4,160,NA,1,0
301401,0,0,0,52,4,2,114,NA,1,0
301401,0,0,0,47,6,3,138,NA,1,0
301401,0,0,0,61,8,4,163,NA,1,0
302301,1,0,0,38,3,2,106,0,1,0
302301,1,0,0,49,6,3,131,0,1,0
302702,0,0,0,43,4,2,108,NA,0,1
302702,0,0,0,47,5,3,131,NA,0,1
302702,0,0,0,56,7,4,155,NA,0,0
302703,0,0,4,28,2,2,85,NA,0,3
302703,0,0,4,43,3,3,108,NA,0,2
304103,0,0,2,26,2,2,95,NA,1,1
304103,0,0,2,42,4,3,120,NA,1,1
304605,0,0,1,31,4,2,108,NA,0,0
304605,0,0,1,49,6,3,134,NA,0,NA
304605,0,0,1,48,7,4,153,NA,1,0
307301,1,0,0,43,2,2,97,0,1,0
307301,1,0,0,44,4,3,121,0,1,2
307301,1,0,0,57,6,4,144,1,1,5
307301,1,0,0,58,8,5,168,1,1,5
307501,0,0,3,25,3,2,95,NA,0,0
307501,0,0,3,45,6,3,140,NA,1,3
309802,1,0,2,54,3,2,112,0,1,2
309802,1,0,2,64,5,3,137,0,1,1
309901,1,0,2,48,3,2,104,0,1,1
309901,1,0,2,44,4,3,128,0,1,1
310101,1,0,0,32,2,2,89,0,0,0
310101,1,0,0,54,6,3,137,0,0,0
311301,1,0,1,38,3,2,99,0,0,2
311301,1,0,1,42,5,3,124,0,0,2
311701,0,0,2,42,4,3,109,NA,0,2
312102,0,0,3,41,3,2,99,NA,0,2
312102,0,0,3,54,5,3,124,NA,0,1
312201,0,0,1,56,4,2,119,NA,1,1
312201,0,0,1,58,6,3,142,NA,1,0
312901,1,0,1,35,2,2,92,0,1,2
312901,1,0,1,36,4,3,117,0,1,1
312901,1,0,1,46,6,4,141,0,1,3
312901,1,0,1,49,8,5,165,1,1,2
314501,0,0,0,62,4,2,118,NA,0,0
314501,0,0,0,67,5,3,139,NA,1,0
315001,1,1,2,47,4,2,117,0,1,1
315001,1,1,2,62,6,3,142,0,1,2
315001,1,1,2,65,8,4,165,1,1,0
315002,0,1,2,62,4,2,117,NA,1,2
315002,0,1,2,72,6,3,142,NA,1,2
315002,0,1,2,80,8,4,165,NA,1,0
315602,0,0,2,52,3,2,110,NA,1,1
315602,0,0,2,64,5,3,133,NA,1,1
316301,0,0,0,39,2,2,99,NA,0,0
316301,0,0,0,64,5,3,123,NA,0,0
316501,1,0,0,44,3,2,112,0,1,0
316501,1,0,0,56,5,3,136,0,1,1
316501,1,0,0,61,7,4,159,1,1,1
316502,1,0,0,45,3,2,105,0,1,0
316502,1,0,0,50,5,3,128,0,1,0
319002,1,1,0,42,4,3,117,0,0,0
319801,0,0,1,44,3,2,102,NA,0,3
319801,0,0,1,45,4,3,125,NA,0,3
320101,0,0,3,38,2,2,98,NA,0,5
320101,0,0,3,52,6,3,147,NA,0,6
320101,0,0,3,53,8,4,168,NA,1,5
320102,1,0,5,48,3,2,112,0,1,5
320102,1,0,5,58,5,3,136,0,1,3
322505,0,0,0,43,2,2,102,NA,1,0
322505,0,0,0,65,4,3,125,NA,1,1
324401,0,0,1,51,4,2,105,NA,1,2
324401,0,0,1,67,5,3,129,NA,1,2
324401,0,0,1,76,7,4,153,NA,1,4
324402,1,0,0,45,3,2,114,0,1,0
324402,1,0,0,60,6,3,137,0,1,0
324402,1,0,0,66,7,4,161,0,1,0
324801,0,0,1,67,6,3,140,NA,1,2
325401,1,0,0,25,2,2,91,0,1,2
325401,1,0,0,45,4,3,116,0,1,1
325401,1,0,0,59,6,4,140,0,1,4
325401,1,0,0,52,8,5,165,1,1,2
325402,0,0,4,57,3,2,108,NA,1,2
325402,0,0,4,70,5,3,132,NA,1,4
325402,0,0,4,71,7,4,155,NA,1,3
325904,1,0,0,41,6,3,154,1,1,0
326901,0,0,4,47,5,3,130,NA,1,1
326901,0,0,4,50,7,4,154,NA,1,3
328702,1,0,7,54,3,2,110,0,1,4
328702,1,0,7,46,5,3,133,0,1,2
328703,0,0,3,40,2,2,94,NA,1,4
328703,0,0,3,50,4,3,116,NA,1,2
330601,0,0,2,31,2,2,92,NA,0,1
330601,0,0,2,40,4,3,116,NA,0,0
330601,0,0,2,50,7,4,141,NA,0,0
330601,0,0,2,47,8,5,166,NA,0,0
331506,0,0,1,20,2,2,83,NA,0,1
331506,0,0,1,34,3,3,109,NA,0,0
334201,1,0,2,48,4,2,110,0,1,1
334201,1,0,2,46,5,3,134,0,1,1
334201,1,0,2,44,7,4,158,1,1,1
335001,0,1,1,54,4,2,110,NA,1,2
335001,0,1,1,53,5,3,134,NA,1,1
335001,0,1,1,69,7,4,157,NA,1,3
335002,1,0,1,42,2,2,93,0,1,4
335002,1,0,1,50,4,3,115,0,1,2
335501,1,0,5,25,2,2,88,0,0,2
335501,1,0,5,50,5,3,133,0,1,3
336401,1,0,3,39,2,2,96,0,1,NA
336401,1,0,3,46,4,3,119,0,1,6
336401,1,0,3,50,8,4,167,1,1,4
336902,0,0,0,40,3,2,107,NA,0,2
336902,0,0,0,44,6,3,153,NA,1,0
340702,0,0,2,42,2,2,97,NA,1,1
340702,0,0,2,62,6,3,145,NA,1,2
340702,0,0,2,72,8,4,169,NA,1,1
340801,1,0,2,34,3,2,97,0,0,2
340801,1,0,2,42,5,3,121,0,0,3
342301,1,1,2,48,3,2,111,0,1,3
342301,1,1,2,67,5,3,136,0,1,2
342301,1,1,2,67,8,4,162,1,0,2
342302,1,1,0,45,3,2,111,0,1,1
342302,1,1,0,49,5,3,136,0,1,1
342302,1,1,0,68,8,4,162,1,0,1
342402,1,0,0,48,3,2,106,0,1,2
342402,1,0,0,63,5,3,131,0,1,1
342402,1,0,0,64,7,4,156,1,1,3
343302,1,0,1,51,4,2,122,0,1,0
343302,1,0,1,46,6,3,147,1,1,3
344602,1,0,0,28,2,2,86,0,0,0
344602,1,0,0,53,4,3,111,0,0,1
346501,1,0,3,51,3,2,110,0,1,0
346501,1,0,3,53,5,3,135,0,1,0
347603,0,0,0,46,4,2,126,NA,1,0
347603,0,0,0,52,6,3,150,NA,1,0
348103,1,0,3,36,2,2,95,0,1,3
348103,1,0,3,51,4,3,118,0,1,1
349101,0,0,1,31,2,2,93,NA,0,2
349101,0,0,1,59,5,3,137,NA,1,1
352201,1,0,2,50,4,2,118,0,0,2
352201,1,0,2,51,5,3,139,0,1,5
353101,1,0,2,43,3,2,115,0,1,1
353101,1,0,2,42,5,3,140,0,1,1
353102,0,0,0,34,2,2,100,NA,1,1
353102,0,0,0,44,5,3,130,NA,0,1
354502,1,0,1,50,3,2,109,0,1,1
354502,1,0,1,65,5,3,132,0,1,2
354503,1,0,1,46,2,2,97,0,1,2
354503,1,0,1,68,6,3,146,1,1,1
354801,1,0,0,27,3,2,98,0,0,0
354801,1,0,0,45,5,3,122,0,0,1
354801,1,0,0,46,6,4,142,0,1,0
356402,0,0,0,36,3,2,119,NA,1,0
356402,0,0,0,46,5,3,143,NA,1,0
356402,0,0,0,45,7,4,166,NA,1,0
357203,1,0,0,49,4,2,125,0,1,0
357203,1,0,0,68,6,3,148,0,1,0
358401,0,1,1,56,4,2,119,NA,1,6
358401,0,1,1,62,6,3,143,NA,1,6
358601,0,0,3,46,3,2,106,NA,1,4
358601,0,0,3,59,6,3,133,NA,0,2
360901,1,0,1,48,2,2,105,0,1,0
360901,1,0,1,57,4,3,130,0,1,0
360903,0,0,0,40,2,2,103,NA,1,0
360903,0,0,0,51,4,3,125,NA,1,0
362402,1,0,1,63,5,3,118,0,1,0
363501,0,0,3,29,3,2,108,NA,0,2
363501,0,0,3,46,5,3,130,NA,0,2
364103,0,0,0,35,2,2,94,NA,1,0
364103,0,0,0,55,5,3,119,NA,1,1
367903,1,0,0,26,3,2,109,0,0,1
367903,1,0,0,43,5,3,134,0,0,0
367903,1,0,0,43,6,4,154,0,1,1
369702,0,1,0,24,2,2,93,NA,0,0
369702,0,1,0,50,3,3,119,NA,0,0
369702,0,1,0,48,7,4,163,NA,1,0
369704,1,0,1,34,3,2,108,0,0,1
369704,1,0,1,43,6,3,153,1,1,1
370303,1,1,3,26,2,2,101,0,0,3
370303,1,1,3,22,4,3,125,0,0,4
371502,0,0,0,32,2,2,104,NA,1,0
371502,0,0,0,62,6,3,152,NA,1,5
371503,0,0,2,64,4,2,128,NA,1,4
371503,0,0,2,64,6,3,150,NA,1,5
372901,0,0,4,34,2,2,104,NA,0,5
372901,0,0,4,46,4,3,128,NA,0,3
373401,1,0,2,44,3,2,98,0,0,1
373401,1,0,2,50,6,3,143,0,1,1
373401,1,0,2,52,8,4,167,1,1,0
373402,0,0,2,43,4,2,122,NA,1,2
373402,0,0,2,58,6,3,146,NA,1,2
373701,0,0,0,39,3,2,108,NA,1,1
373701,0,0,0,48,5,3,131,NA,1,0
373702,1,0,2,37,2,2,93,0,1,2
373702,1,0,2,54,4,3,116,0,1,3
374001,0,0,3,54,3,3,131,NA,1,7
374001,0,0,3,47,6,4,154,NA,1,6
374601,1,0,1,30,2,2,90,0,0,2
374601,1,0,1,54,6,3,139,0,0,1
374601,1,0,1,65,8,4,162,1,0,1
374603,0,0,2,58,3,2,109,NA,1,1
374603,0,0,2,71,6,3,136,NA,0,0
375303,1,0,0,45,3,2,101,0,0,0
375303,1,0,0,45,5,3,125,0,0,0
375303,1,0,0,49,6,4,146,0,1,0
375303,1,0,0,67,8,5,170,1,1,0
379301,1,0,0,27,2,2,95,0,0,2
379301,1,0,0,39,3,3,119,0,0,2
379801,1,0,0,45,3,3,113,0,1,0
379805,0,0,1,41,2,2,97,NA,1,0
379805,0,0,1,57,4,3,121,NA,1,0
380201,0,0,2,38,2,2,92,NA,1,2
380201,0,0,2,62,5,3,121,NA,0,2
380201,0,0,2,65,6,4,141,NA,1,0
380201,0,0,2,72,8,5,166,NA,1,0
381701,0,0,1,57,3,2,114,NA,1,2
381701,0,0,1,69,5,3,137,NA,1,3
382101,1,0,1,37,3,2,103,0,0,3
382101,1,0,1,43,6,3,151,1,0,1
389902,0,0,2,46,2,2,97,NA,1,2
389902,0,0,2,52,5,3,120,NA,1,1
389902,0,0,2,69,6,4,144,NA,1,1
389903,1,0,0,47,3,2,103,0,1,0
389903,1,0,0,57,4,3,127,0,1,0
389903,1,0,0,69,7,4,156,0,0,1
389904,1,0,0,56,4,3,117,0,0,0
389904,1,0,0,65,8,4,161,0,1,3
392102,1,0,2,41,3,2,114,0,1,1
392102,1,0,2,57,5,3,138,1,1,2
392102,1,0,2,69,7,4,162,1,1,2
392103,0,0,0,47,2,2,97,NA,1,3
392103,0,0,0,44,4,3,121,NA,1,4
392103,0,0,0,62,6,4,145,NA,1,4
392301,1,0,0,39,3,2,111,0,1,0
392301,1,0,0,63,5,3,135,0,1,0
392301,1,0,0,72,7,4,159,1,1,1
392303,1,0,6,51,2,2,94,0,1,4
392303,1,0,6,56,4,3,118,0,1,5
392303,1,0,6,76,8,4,165,1,1,1
392401,0,0,2,40,2,2,101,NA,1,2
392401,0,0,2,64,4,3,125,NA,1,0
392402,0,0,2,52,2,2,101,NA,1,0
392402,0,0,2,68,4,3,125,NA,1,1
396202,1,0,0,30,6,3,155,0,1,1
397202,0,0,0,53,2,2,100,NA,1,1
397202,0,0,0,52,4,3,125,NA,1,1
399503,1,1,0,30,2,2,89,0,0,0
399503,1,1,0,54,5,3,133,0,1,0
399503,1,1,0,48,7,4,155,1,1,0
400101,1,0,1,56,3,2,118,0,1,0
400101,1,0,1,64,5,3,142,0,1,0
400101,1,0,1,63,7,4,166,1,1,1
403701,0,0,0,43,4,2,116,NA,1,1
403701,0,0,0,50,5,3,141,NA,1,1
404503,1,0,0,44,3,2,109,0,0,0
404503,1,0,0,57,6,3,154,1,1,0
405002,1,0,3,47,3,2,109,0,1,2
405002,1,0,3,61,6,3,137,0,0,3
405002,1,0,3,67,8,4,161,1,0,4
407702,1,0,0,21,3,2,108,0,1,2
407702,1,0,0,42,4,3,132,0,1,0
407702,1,0,0,43,6,4,156,0,1,0
408501,0,0,4,31,3,2,98,NA,0,1
408501,0,0,4,50,6,3,146,NA,0,2
411002,0,0,4,41,2,2,107,NA,1,4
411002,0,0,4,47,5,3,136,NA,0,2
411002,0,0,4,53,6,4,156,NA,1,4
413202,1,0,2,47,3,2,123,0,1,3
413202,1,0,2,27,5,3,146,0,1,2
413202,1,0,2,46,8,4,175,1,0,0
413203,1,0,0,37,2,2,100,0,1,0
413203,1,0,0,42,4,3,123,0,1,0
413203,1,0,0,47,7,4,152,1,0,0
413203,1,0,0,44,8,5,172,1,1,0
413301,0,0,2,34,2,2,98,NA,0,0
413301,0,0,2,39,4,3,122,NA,0,1
419401,0,0,0,19,2,2,97,NA,0,0
419401,0,0,0,57,5,3,139,NA,1,0
419401,0,0,0,51,7,4,166,NA,0,2
420001,0,0,1,30,4,2,105,NA,1,0
420001,0,0,1,44,5,3,129,NA,1,0
420001,0,0,1,52,8,4,156,NA,0,0
421001,1,0,1,44,3,2,101,0,1,0
421001,1,0,1,51,6,3,130,0,0,1
421001,1,0,1,51,7,4,152,NA,0,0
422401,0,0,0,45,2,2,105,NA,1,0
422401,0,0,0,59,5,3,133,NA,0,0
422401,0,0,0,60,6,4,153,NA,1,0
424602,0,0,1,52,3,3,116,NA,1,0
424602,0,0,1,53,5,4,140,NA,1,NA
424602,0,0,1,70,7,5,163,NA,1,0
425401,1,0,0,43,2,2,104,0,1,0
425401,1,0,0,55,5,3,129,0,1,0
425401,1,0,0,65,6,4,154,0,1,0
425402,0,0,0,34,3,2,99,NA,1,2
425402,0,0,0,55,5,3,124,NA,1,1
425402,0,0,0,73,8,4,171,NA,1,0
425601,0,0,1,51,4,2,123,NA,0,0
425601,0,0,1,54,6,3,148,NA,0,0
427502,1,0,1,28,2,2,108,0,0,1
427502,1,0,1,38,4,3,128,0,1,1
427703,0,0,1,40,4,2,121,NA,0,2
427703,0,0,1,54,6,3,145,NA,0,2
431002,1,0,1,40,2,2,101,0,1,2
431002,1,0,1,47,5,3,131,0,0,2
433901,1,0,3,66,4,2,109,0,1,3
433901,1,0,3,65,5,3,132,0,1,2
433901,1,0,3,70,7,4,155,1,1,3
433902,0,0,3,51,3,2,95,NA,1,1
433902,0,0,3,58,4,3,118,NA,1,2
433902,0,0,3,64,6,4,141,NA,1,2
435201,1,1,0,57,4,2,129,0,1,4
435201,1,1,0,71,6,3,151,1,1,1
436602,0,0,1,30,3,2,93,NA,1,2
436602,0,0,1,53,4,3,117,NA,1,2
436602,0,0,1,54,7,4,141,NA,1,1
436602,0,0,1,59,8,5,165,NA,1,1
437201,1,0,2,45,2,2,102,0,1,3
437201,1,0,2,61,5,3,128,1,1,1
439602,0,0,0,38,4,2,108,NA,0,0
439602,0,0,0,49,6,3,132,NA,0,3
439602,0,0,0,51,7,4,153,NA,1,3
442301,1,0,3,47,3,2,109,0,1,1
442301,1,0,3,67,5,3,132,0,1,1
442401,0,0,2,44,2,2,95,NA,1,0
442401,0,0,2,48,4,3,119,NA,1,2
442401,0,0,2,56,6,4,143,NA,1,3
442401,0,0,2,69,8,5,167,NA,1,1
442801,0,0,3,53,2,2,103,NA,1,3
442801,0,0,3,65,4,3,126,NA,1,4
443701,1,0,1,50,3,2,113,0,1,3
443701,1,0,1,47,5,3,137,0,1,2
443701,1,0,1,63,7,4,160,1,1,3
443702,0,0,1,40,3,2,110,NA,1,2
443702,0,0,1,59,5,3,134,NA,1,2
443902,0,0,3,50,4,2,119,NA,1,4
443902,0,0,3,55,6,3,143,NA,1,4
444702,0,0,0,45,3,2,112,NA,1,0
444702,0,0,0,52,5,3,136,NA,1,0
448304,1,0,4,38,2,2,114,0,0,2
448304,1,0,4,45,5,3,136,0,0,2
449401,1,0,2,49,4,2,113,0,0,1
449401,1,0,2,57,5,3,133,1,1,0
449501,0,0,1,55,4,2,124,NA,1,2
449501,0,0,1,69,6,3,147,NA,1,1
449501,0,0,1,74,8,4,170,NA,1,0
449601,0,0,0,45,3,2,111,NA,0,1
449601,0,0,0,52,6,3,136,NA,0,2
449601,0,0,0,46,8,4,159,NA,0,1
449602,1,1,4,37,2,2,89,0,0,2
449602,1,1,4,53,4,3,115,0,0,3
449602,1,1,4,67,8,4,161,1,0,1
452601,0,0,0,48,3,2,111,NA,1,2
452601,0,0,0,57,5,3,134,NA,1,3
453601,0,0,1,50,3,2,112,NA,0,2
453601,0,0,1,55,5,3,132,NA,1,1
453601,0,0,1,64,7,4,156,NA,1,1
453602,1,0,2,25,3,2,106,0,1,0
453602,1,0,2,47,5,3,130,0,1,0
453801,0,0,0,43,3,2,121,NA,1,2
453801,0,0,0,63,6,3,147,NA,0,2
453801,0,0,0,64,8,4,171,NA,0,2
453802,1,0,1,36,4,2,121,0,0,2
453802,1,0,1,52,6,3,144,1,0,2
453901,1,0,0,47,2,2,104,0,1,0
453901,1,0,0,61,4,3,129,0,1,0
453901,1,0,0,63,7,4,156,0,0,0
453902,1,0,0,51,3,2,114,0,1,2
453902,1,0,0,67,6,3,141,0,0,2
456401,0,0,4,28,2,2,83,NA,0,3
456401,0,0,4,55,3,3,103,NA,1,4
457002,0,0,0,42,2,2,97,NA,0,1
457002,0,0,0,63,6,3,142,NA,1,0
458902,1,1,5,26,3,2,101,0,0,3
458902,1,1,5,45,6,3,147,1,1,4
459201,0,0,0,52,2,2,102,NA,1,1
459201,0,0,0,58,4,3,126,NA,1,1
461402,1,0,4,17,2,2,83,0,0,5
461402,1,0,4,38,3,3,104,0,1,6
463102,1,0,0,25,2,2,101,0,1,0
463102,1,0,0,42,4,3,126,0,1,0
463702,0,0,0,53,4,2,125,NA,1,1
463702,0,0,0,68,6,3,148,NA,1,1
466201,1,0,0,50,2,2,101,0,1,1
466201,1,0,0,63,4,3,125,0,1,0
468301,1,1,0,48,3,2,107,0,1,0
468301,1,1,0,64,5,3,130,1,1,0
468301,1,1,0,70,7,4,154,1,1,0
468302,0,1,0,19,2,2,101,NA,1,0
468302,0,1,0,43,4,3,125,NA,1,0
468303,1,1,0,44,2,2,101,0,1,0
468303,1,1,0,60,4,3,125,0,1,0
471701,0,0,2,33,2,2,101,NA,1,3
471701,0,0,2,64,4,3,127,NA,1,4
471702,1,0,0,40,2,2,96,0,1,0
471702,1,0,0,64,8,4,167,1,1,0
472303,1,0,0,43,2,2,100,0,1,0
472303,1,0,0,54,4,3,124,0,1,2
472303,1,0,0,69,6,4,148,0,1,1
474602,1,0,0,45,3,2,104,0,1,3
474602,1,0,0,45,6,3,134,0,0,1
474602,1,0,0,61,7,4,153,0,1,1
474603,0,0,2,44,3,2,104,NA,0,1
474603,0,0,2,54,4,3,123,NA,1,1
474603,0,0,2,64,8,4,171,NA,1,0
474604,0,0,0,28,2,2,98,NA,1,0
474604,0,0,0,65,6,3,147,NA,1,0
475401,0,0,5,52,3,2,92,NA,0,3
475401,0,0,5,76,6,3,136,NA,1,5
476601,1,0,0,39,2,2,92,0,1,0
476601,1,0,0,52,4,3,120,0,0,NA
478501,1,0,0,30,2,2,97,0,1,0
478501,1,0,0,44,4,3,120,0,1,0
478501,1,0,0,57,6,4,144,1,1,1
480103,0,0,3,53,3,2,102,NA,0,2
480103,0,0,3,55,5,3,125,NA,0,1
481502,0,0,1,50,3,2,107,NA,1,2
481502,0,0,1,58,5,3,131,NA,1,3
481502,0,0,1,63,7,4,155,NA,1,3
482002,0,0,3,49,2,2,102,NA,1,2
482002,0,0,3,60,4,3,126,NA,1,1
482602,1,0,0,49,3,2,109,0,0,0
482602,1,0,0,73,6,3,154,0,1,0
487101,0,0,3,44,3,2,113,NA,1,2
487101,0,0,3,41,5,3,137,NA,1,2
488001,1,0,0,60,3,2,116,0,1,0
488001,1,0,0,66,6,3,140,0,1,1
488201,1,0,1,37,2,2,89,0,0,0
488201,1,0,1,59,5,3,134,0,1,2
488201,1,0,1,74,7,4,157,1,1,3
488202,0,0,0,47,3,2,106,NA,1,1
488202,0,0,0,55,5,3,129,NA,1,0
488202,0,0,0,65,7,4,154,NA,1,0
489902,0,0,2,34,2,2,94,NA,1,4
489902,0,0,2,50,6,3,143,NA,1,3
492501,0,0,2,36,2,2,87,NA,0,1
492501,0,0,2,58,5,3,132,NA,1,1
492501,0,0,2,74,7,4,156,NA,1,1
492502,1,0,1,47,3,2,112,0,1,1
492502,1,0,1,56,5,3,136,0,1,1
492503,0,0,2,36,2,2,98,NA,1,0
492503,0,0,2,45,4,3,122,NA,1,0
493003,0,0,2,25,2,2,99,NA,1,2
493003,0,0,2,51,6,3,147,NA,1,1
493301,0,0,1,53,4,2,113,NA,0,1
493301,0,0,1,42,6,3,133,NA,1,1
495202,1,1,0,48,3,2,115,0,1,0
495202,1,1,0,59,5,3,140,0,1,0
497302,0,0,3,42,3,2,120,NA,0,2
497302,0,0,3,48,5,3,141,NA,1,NA
497302,0,0,3,70,7,4,166,NA,1,2
497303,1,0,1,44,3,2,116,0,1,0
497303,1,0,1,54,5,3,141,0,1,0
497304,0,0,2,40,2,2,100,NA,1,1
497304,0,0,2,55,4,3,124,NA,1,0
497403,0,0,6,38,2,2,104,NA,1,7
497403,0,0,6,59,5,3,132,NA,0,6
499703,0,0,1,51,5,3,140,NA,0,0
502802,1,0,0,35,3,2,93,0,1,1
502802,1,0,0,51,4,3,118,0,1,1
502802,1,0,0,70,6,4,141,0,1,0
503201,1,0,2,61,3,2,116,0,1,2
503201,1,0,2,61,5,3,139,0,1,NA
503201,1,0,2,73,7,4,164,1,1,1
504101,1,0,1,62,3,2,107,0,1,1
504101,1,0,1,60,5,3,130,0,1,2
506601,0,0,2,28,3,2,104,NA,1,3
506601,0,0,2,42,6,3,129,NA,1,2
506602,1,0,1,39,3,2,112,0,1,1
506602,1,0,1,45,5,3,136,0,1,1
509801,1,0,2,35,3,2,103,0,0,1
509801,1,0,2,45,5,3,127,0,0,0
509802,0,1,1,36,3,2,103,NA,0,2
509802,0,1,1,50,5,3,127,NA,0,2
510002,1,0,0,29,3,2,101,0,0,1
510002,1,0,0,52,5,3,124,0,0,1
510002,1,0,0,60,7,4,148,0,0,1
510002,1,0,0,69,8,5,169,1,1,1
510301,1,0,2,37,3,2,99,0,0,2
510301,1,0,2,49,4,3,119,0,1,1
510301,1,0,2,42,6,4,143,0,1,3
510401,1,0,1,30,2,2,94,0,0,1
510401,1,0,1,52,4,3,118,0,0,1
511901,0,0,1,39,3,2,102,NA,0,0
511901,0,0,1,48,5,3,126,NA,0,0
511901,0,0,1,58,7,4,150,NA,0,1
513404,1,0,2,30,3,2,114,0,1,1
513404,1,0,2,42,5,3,137,0,1,1
513404,1,0,2,62,7,4,160,1,1,3
513405,0,1,2,45,3,2,113,NA,1,0
513405,0,1,2,35,5,3,136,NA,1,2
515102,0,0,0,38,2,2,93,NA,0,0
515102,0,0,0,64,4,3,116,NA,0,0
515102,0,0,0,61,5,4,137,NA,1,1
515102,0,0,0,66,8,5,162,NA,1,1
516401,1,0,2,51,5,3,134,0,1,2
518003,1,0,1,50,3,3,106,0,1,1
518003,1,0,1,67,7,4,154,1,1,1
519101,0,0,2,17,3,2,118,NA,1,0
519101,0,0,2,25,5,3,142,NA,1,0
519503,0,0,0,47,4,2,120,NA,1,1
519503,0,0,0,46,6,3,144,NA,1,0
519503,0,0,0,53,8,4,168,NA,1,0
521602,1,0,3,37,4,2,115,0,0,2
521602,1,0,3,47,5,3,136,0,1,1
521602,1,0,3,43,7,4,160,1,1,4
522401,1,0,1,31,3,2,97,0,0,1
522401,1,0,1,38,5,3,121,0,0,1
523101,0,0,0,27,3,2,96,NA,0,0
523101,0,0,0,51,6,3,141,NA,1,3
523101,0,0,0,53,8,4,165,NA,1,0
523201,0,0,4,26,2,2,99,NA,1,5
523201,0,0,4,46,5,3,126,NA,0,3
523201,0,0,4,51,7,4,146,NA,1,4
523202,0,0,0,30,2,2,82,NA,1,1
523202,0,0,0,40,3,3,106,NA,1,1
524701,1,0,1,42,4,2,108,0,0,1
524701,1,0,1,48,6,3,132,0,0,0
524702,1,0,0,35,2,2,87,0,0,0
524702,1,0,0,53,4,3,111,0,0,0
524702,1,0,0,52,7,4,154,1,1,2
525801,0,0,3,66,4,2,122,NA,1,2
525801,0,0,3,58,6,3,146,NA,1,3
525801,0,0,3,80,8,4,170,NA,1,0
527204,1,0,0,27,2,2,94,0,1,0
527204,1,0,0,53,6,3,144,0,1,0
527204,1,0,0,49,8,4,168,1,1,1
531401,0,0,2,36,2,2,106,NA,1,1
531401,0,0,2,65,6,3,154,NA,1,3
531402,0,0,1,64,4,2,131,NA,1,0
531402,0,0,1,61,6,3,156,NA,1,0
531404,0,0,0,53,3,3,116,NA,1,0
531404,0,0,0,61,5,4,139,NA,1,0
531704,1,0,1,39,3,3,109,0,1,2
531704,1,0,1,43,5,4,132,0,1,3
532601,0,0,1,55,4,2,131,NA,1,0
532601,0,0,1,53,6,3,155,NA,1,1
532802,0,0,8,47,3,2,116,NA,1,4
532802,0,0,8,44,6,3,166,NA,1,8
533002,0,0,3,26,3,2,104,NA,1,4
533002,0,0,3,55,6,3,153,NA,1,1
533003,0,1,3,57,3,2,131,NA,1,2
533003,0,1,3,67,6,3,154,NA,1,3
534103,0,0,0,60,2,2,106,NA,1,0
534103,0,0,0,66,4,3,130,NA,1,0
534103,0,0,0,78,6,4,154,NA,1,0
537002,0,0,0,56,4,2,119,NA,0,0
537002,0,0,0,56,5,3,140,NA,1,1
537002,0,0,0,51,7,4,163,NA,1,1
537302,0,0,0,35,2,2,101,NA,1,1
537302,0,0,0,52,5,3,129,NA,0,0
537302,0,0,0,65,6,4,151,NA,1,2
537304,1,0,2,51,2,2,95,0,1,0
537304,1,0,2,75,6,3,143,0,1,0
537602,1,0,2,37,2,2,96,0,1,2
537602,1,0,2,46,5,3,124,0,0,2
537602,1,0,2,64,6,4,145,0,1,1
538102,1,0,1,32,2,2,95,0,1,1
538102,1,0,1,47,5,3,123,0,0,0
538703,1,0,4,26,2,2,96,0,1,1
538703,1,0,4,52,4,3,120,0,1,1
538703,1,0,4,64,6,4,144,0,1,2
538704,0,0,1,45,2,2,104,NA,1,3
538704,0,0,1,51,4,3,128,NA,1,4
542702,1,0,0,41,3,2,114,0,0,1
542702,1,0,0,46,5,3,135,0,1,0
542702,1,0,0,52,7,4,159,0,1,1
542703,1,0,0,31,2,2,104,0,1,2
542703,1,0,0,33,5,3,133,0,0,2
542703,1,0,0,50,6,4,153,1,1,0
542802,0,0,2,61,3,2,106,NA,1,4
542802,0,0,2,61,5,3,129,NA,1,2
543601,1,0,0,35,2,2,99,0,1,0
543601,1,0,0,44,5,3,127,0,0,0
543601,1,0,0,47,7,4,151,1,0,0
543601,1,0,0,49,8,5,172,1,1,0
543602,0,0,0,28,3,2,113,NA,0,2
543602,0,0,0,32,5,3,137,NA,0,0
543602,0,0,0,51,6,4,158,NA,1,0
545402,1,0,2,27,3,3,113,0,1,1
546505,1,0,1,28,2,2,98,0,1,0
546505,1,0,1,31,6,3,148,1,1,2
546505,1,0,1,35,8,4,172,1,1,2
546702,0,0,2,21,3,2,117,NA,1,0
547701,1,0,1,38,3,2,106,0,0,0
547701,1,0,1,52,5,3,130,0,0,0
548501,1,0,0,51,4,2,123,0,1,0
548501,1,0,0,48,6,3,147,1,1,0
548501,1,0,0,57,8,4,170,1,1,0
549801,1,0,1,43,3,2,101,0,0,2
549801,1,0,1,43,5,3,123,0,0,1
550901,0,0,2,22,2,2,103,NA,0,2
550901,0,0,2,36,6,3,151,NA,0,0
551501,0,0,0,22,2,2,95,NA,0,0
551501,0,0,0,32,4,3,119,NA,0,0
552203,1,0,1,52,3,2,115,0,1,0
552203,1,0,1,54,6,3,139,0,1,0
553701,1,0,3,23,3,2,115,0,1,4
553701,1,0,3,45,5,3,137,1,1,4
553701,1,0,3,53,8,4,162,1,1,5
553702,1,0,2,37,3,2,112,0,1,2
553702,1,0,2,47,6,3,137,0,1,5
556101,1,0,2,27,2,2,88,0,0,2
556101,1,0,2,35,4,3,114,0,0,1
556101,1,0,2,46,5,4,133,0,1,2
556101,1,0,2,39,7,5,156,1,1,1
556801,0,0,0,39,3,3,111,NA,1,0
556801,0,0,0,50,6,4,136,NA,1,0
558301,0,0,2,38,4,2,116,NA,0,3
558301,0,0,2,38,6,3,142,NA,0,3
558301,0,0,2,45,8,4,166,NA,0,4
559302,0,0,4,28,3,2,107,NA,0,3
559302,0,0,4,46,5,3,129,NA,0,2
560902,0,0,4,38,3,2,113,NA,0,3
560902,0,0,4,41,5,3,139,NA,0,3
560902,0,0,4,47,7,4,162,NA,0,3
561202,0,0,1,43,3,2,105,NA,0,1
561202,0,0,1,45,5,3,130,NA,0,1
561402,0,0,4,41,3,2,107,NA,0,1
561402,0,0,4,46,6,3,150,NA,1,2
564001,1,0,1,48,4,2,126,0,0,0
564001,1,0,1,41,6,3,150,0,0,1
564001,1,0,1,42,8,4,173,NA,0,0
564002,0,0,2,16,2,2,97,NA,0,0
564002,0,0,2,35,4,3,122,NA,0,2
564002,0,0,2,45,8,4,170,NA,0,0
565601,0,0,0,30,2,2,85,NA,0,0
565601,0,0,0,62,3,3,110,NA,0,0
565601,0,0,0,66,6,4,153,NA,1,1
567002,1,0,1,49,3,2,113,0,1,NA
567002,1,0,1,53,5,3,136,0,1,0
570601,1,0,2,45,4,2,140,1,1,1
570601,1,0,2,48,6,3,163,1,1,1
571201,0,0,2,46,4,2,117,NA,1,2
571201,0,0,2,34,5,3,141,NA,1,2
571801,1,0,0,42,4,2,118,0,1,0
571801,1,0,0,60,6,3,142,0,1,0
571802,1,0,2,48,3,2,112,0,1,2
571802,1,0,2,60,6,3,136,0,1,1
572402,0,0,2,25,3,2,106,NA,0,2
572402,0,0,2,44,5,3,131,NA,0,2
572402,0,0,2,46,7,4,155,NA,0,0
572801,1,0,1,26,2,2,85,0,0,1
572801,1,0,1,44,3,3,106,0,1,0
572801,1,0,1,60,5,4,129,0,1,1
572801,1,0,1,68,7,5,154,0,1,3
572802,0,0,1,45,3,2,113,NA,1,4
572802,0,0,1,50,6,3,140,NA,0,3
572802,0,0,1,61,7,4,161,NA,1,3
572803,0,0,3,43,4,2,115,NA,0,1
572803,0,0,3,56,5,3,136,NA,1,3
572803,0,0,3,60,7,4,160,NA,1,2
574003,0,0,2,26,2,2,107,NA,0,2
574003,0,0,2,42,6,3,156,NA,0,0
574102,1,0,1,40,4,3,113,0,0,1
574102,1,0,1,57,7,4,158,1,1,1
574602,0,0,1,42,2,2,103,NA,1,0
574602,0,0,1,49,4,3,127,NA,1,2
574603,1,0,1,52,5,3,141,0,1,2
574603,1,0,1,68,7,4,165,1,1,5
580202,1,0,2,60,4,2,108,0,1,4
580202,1,0,2,61,6,3,137,0,0,2
581303,0,0,1,29,2,2,103,NA,1,2
581303,0,0,1,46,6,3,153,NA,1,2
581802,0,0,1,35,4,2,121,NA,0,2
581802,0,0,1,43,6,3,144,NA,0,2
581802,0,0,1,54,8,4,169,NA,0,NA
586102,1,0,1,32,2,2,84,0,0,3
586102,1,0,1,63,6,3,132,0,0,1
587301,1,0,2,25,2,2,93,0,0,2
587301,1,0,2,42,3,3,116,0,0,4
587301,1,0,2,43,6,4,140,0,0,3
587301,1,0,2,47,7,5,161,1,1,2
587303,0,0,1,33,3,3,106,NA,1,1
591903,1,0,3,46,2,2,104,0,0,NA
591903,1,0,3,61,5,3,129,0,0,2
594102,1,0,1,25,2,2,85,0,0,0
594102,1,0,1,62,6,3,133,0,0,0
600203,1,1,0,22,2,2,91,0,1,1
600203,1,1,0,40,6,3,139,0,1,1
602301,1,0,1,35,3,2,103,0,0,2
602301,1,0,1,48,4,3,126,0,0,0
602302,1,0,1,47,6,3,133,0,0,NA
602304,0,0,0,44,4,2,121,NA,1,0
602304,0,0,0,53,6,3,145,NA,1,0
604004,1,0,3,33,3,2,119,0,1,2
604004,1,0,3,37,5,3,143,0,1,3
604004,1,0,3,46,8,4,172,1,0,2
604607,1,0,0,22,2,2,97,0,1,0
604607,1,0,0,45,5,3,124,0,0,1
604902,0,0,2,33,3,2,110,NA,1,0
604902,0,0,2,44,6,3,140,NA,0,0
607201,1,0,2,44,4,2,113,0,0,1
607201,1,0,2,51,6,3,138,0,0,2
607601,1,1,1,41,2,2,97,0,0,1
607601,1,1,1,30,4,3,122,0,0,2
607602,0,0,1,16,2,2,94,NA,0,1
607602,0,0,1,33,5,3,142,NA,0,3
607602,0,0,1,45,7,4,162,NA,1,1
607802,0,0,1,42,4,2,118,NA,0,2
607802,0,0,1,50,6,3,144,NA,0,1
610101,0,0,2,33,4,2,119,NA,0,0
610101,0,0,2,34,6,3,144,NA,0,3
611802,1,0,1,26,2,2,94,0,1,1
611802,1,0,1,61,6,3,142,0,1,0
611802,1,0,1,61,8,4,166,1,1,0
613201,0,0,1,50,4,2,114,NA,1,2
613201,0,0,1,59,6,3,138,NA,1,NA
613201,0,0,1,63,7,4,161,NA,1,1
613402,0,0,2,38,4,2,125,NA,1,1
613402,0,0,2,36,5,3,147,NA,1,NA
616105,0,0,2,41,2,2,97,NA,1,2
616105,0,0,2,50,4,3,121,NA,1,2
616105,0,0,2,55,6,4,144,NA,1,4
616402,1,0,0,41,4,2,115,0,0,0
616402,1,0,0,47,5,3,133,0,1,0
616402,1,0,0,45,7,4,156,1,1,1
617501,1,1,1,18,2,2,108,0,0,1
617501,1,1,1,22,3,3,132,0,0,0
621501,0,0,1,45,3,2,104,NA,1,2
621501,0,0,1,45,5,3,128,NA,1,2
621701,0,0,2,54,2,2,103,NA,1,2
621701,0,0,2,51,4,3,127,NA,1,0
622001,1,0,0,37,3,2,107,0,0,1
622001,1,0,0,46,6,3,153,NA,0,2
623801,1,0,4,43,3,2,113,0,1,2
623801,1,0,4,43,5,3,137,1,1,0
626201,0,0,0,47,2,2,96,NA,0,0
626201,0,0,0,51,4,3,120,NA,0,1
626201,0,0,0,67,7,4,164,NA,1,2
627702,1,0,2,37,4,2,107,0,1,2
627702,1,0,2,42,5,3,131,1,1,3
627703,1,0,0,20,2,2,95,NA,1,0
627703,1,0,0,44,6,3,143,1,1,1
627802,0,0,1,29,3,3,119,NA,0,1
629404,0,0,2,46,3,2,104,NA,0,3
629404,0,0,2,47,5,3,125,NA,1,3
629404,0,0,2,63,6,4,149,NA,1,2
629404,0,0,2,56,8,5,173,NA,1,1
629502,0,0,2,57,5,3,136,NA,1,4
631801,1,0,2,24,2,2,94,0,0,1
631801,1,0,2,44,5,3,141,0,0,0
631801,1,0,2,46,8,4,167,1,0,1
632205,1,0,0,16,2,2,94,0,1,0
632205,1,0,0,29,4,3,117,0,1,0
632702,1,1,3,31,4,2,116,0,0,2
632702,1,1,3,45,6,3,140,0,0,2
632703,1,1,1,30,3,2,105,0,0,1
632703,1,1,1,47,5,3,130,0,0,0
632704,1,0,0,45,6,3,156,NA,1,0
634401,1,0,1,33,4,2,125,0,0,5
634401,1,0,1,41,6,3,150,NA,0,2
634503,1,0,1,48,4,2,125,0,1,1
634503,1,0,1,50,6,3,147,1,1,3
635302,0,1,0,53,3,2,132,NA,1,2
635302,0,1,0,44,5,3,155,NA,1,1
636402,0,0,1,17,3,2,116,NA,1,3
636802,0,0,5,43,3,2,127,NA,1,2
636802,0,0,5,44,4,3,151,NA,1,1
637110,1,0,0,20,2,2,94,0,1,0
637110,1,0,0,42,6,3,141,0,1,3
638402,1,0,2,40,2,2,107,0,0,2
638402,1,0,2,46,6,3,152,1,1,0
640002,0,0,0,21,2,2,98,NA,0,0
640002,0,0,0,28,3,3,122,NA,0,0
640402,1,0,2,31,4,2,127,0,0,1
640402,1,0,2,43,6,3,151,1,0,0
642601,0,0,3,24,2,2,111,NA,0,4
642601,0,0,3,27,4,3,135,NA,0,2
642701,1,0,0,26,2,2,102,0,0,0
642701,1,0,0,42,5,3,127,0,0,0
642702,0,0,0,31,4,3,114,NA,0,2
642901,1,0,1,43,3,2,103,0,0,0
642901,1,0,1,44,5,3,128,0,0,2
642902,0,1,1,20,2,2,95,NA,0,0
642902,0,1,1,47,5,3,139,NA,1,1
642902,0,1,1,48,7,4,161,NA,1,1
642903,0,1,1,19,2,2,95,NA,0,1
642903,0,1,1,41,5,3,139,NA,1,1
642903,0,1,1,46,7,4,161,NA,1,2
642904,1,0,4,40,4,2,122,0,1,3
642904,1,0,4,47,6,3,145,0,1,2
643402,0,0,0,26,3,2,104,NA,0,0
643402,0,0,0,37,5,3,128,NA,0,0
643402,0,0,0,41,7,4,173,NA,1,0
644203,1,0,1,35,3,2,111,0,1,2
644203,1,0,1,52,6,3,139,0,0,3
644203,1,0,1,46,7,4,160,0,1,0
644901,1,0,3,29,4,2,126,1,1,2
644901,1,0,3,30,6,3,149,1,1,5
648601,1,0,0,35,3,2,105,0,0,1
648601,1,0,0,43,5,3,130,0,0,2
648602,0,0,0,42,4,2,117,NA,0,0
648602,0,0,0,47,6,3,142,NA,0,1
651601,1,0,2,22,3,2,106,0,0,1
651601,1,0,2,41,5,3,130,0,0,4
651601,1,0,2,42,7,4,155,1,0,2
665803,1,0,1,34,6,3,134,0,0,1
665803,1,0,1,46,7,4,155,1,1,2
668403,1,0,2,31,2,2,94,NA,1,5
668403,1,0,2,46,6,3,144,1,1,1
669301,1,0,1,53,5,3,127,0,1,0
671102,0,0,0,43,3,3,111,NA,0,1
671102,0,0,0,50,5,4,136,NA,0,0
671102,0,0,0,63,6,5,157,NA,1,0
675701,0,0,0,30,4,2,114,NA,0,0
675701,0,0,0,44,5,3,136,NA,1,3
675701,0,0,0,48,7,4,162,NA,0,3
677201,0,0,0,32,3,2,114,NA,0,4
677201,0,0,0,58,5,3,140,NA,0,3
677201,0,0,0,56,6,4,160,NA,1,3
677202,1,0,7,34,3,2,110,0,0,4
677202,1,0,7,42,4,3,130,0,1,2
678804,1,0,0,38,3,2,106,0,0,1
678804,1,0,0,44,4,3,129,0,0,0
681601,1,0,1,29,2,2,86,NA,0,1
681601,1,0,1,60,6,3,153,1,1,1
682502,1,0,5,36,3,3,113,0,0,4
682903,1,0,0,48,3,2,110,0,1,0
682903,1,0,0,46,5,3,134,0,1,0
684201,1,0,0,62,3,2,106,0,1,0
684201,1,0,0,69,6,3,130,0,1,0
684201,1,0,0,73,8,4,156,0,0,0
684203,0,0,0,41,2,2,93,NA,0,0
684203,0,0,0,71,5,3,138,NA,1,0
687602,0,0,0,45,3,2,102,NA,1,0
687602,0,0,0,49,5,3,127,NA,1,1
689101,0,0,1,38,2,2,100,NA,0,1
689101,0,0,1,48,5,3,122,NA,1,0
689101,0,0,1,52,6,4,144,NA,1,0
690101,0,0,1,32,2,2,99,NA,1,2
690101,0,0,1,45,4,3,124,NA,1,2
690101,0,0,1,48,6,4,149,NA,1,1
690101,0,0,1,46,8,5,173,NA,1,3
693001,0,0,3,47,4,3,119,NA,0,1
693001,0,0,3,46,6,4,142,NA,0,4
693001,0,0,3,53,7,5,167,NA,0,4
696601,0,0,0,31,2,2,100,NA,0,0
696601,0,0,0,36,3,3,123,NA,0,0
696601,0,0,0,48,6,4,147,NA,0,0
700002,1,0,1,20,4,2,111,0,0,1
700002,1,0,1,34,5,3,130,0,1,1
700002,1,0,1,42,7,4,154,1,1,1
700003,1,1,6,17,3,3,114,0,1,5
707701,0,0,0,36,4,2,109,NA,0,1
707701,0,0,0,51,6,3,135,NA,0,1
708401,0,0,3,62,4,2,108,NA,0,4
708401,0,0,3,68,5,3,128,NA,1,3
711602,0,0,1,21,3,2,104,NA,0,1
711602,0,0,1,40,5,3,126,NA,0,0
711602,0,0,1,42,7,4,149,NA,0,1
711603,0,0,0,29,3,2,107,NA,0,0
711603,0,0,0,45,5,3,130,NA,0,1
712303,1,0,1,47,3,2,107,0,1,1
712303,1,0,1,44,6,3,134,1,0,2
712303,1,0,1,46,8,4,156,1,1,1
714801,0,0,0,40,3,3,117,NA,0,3
714801,0,0,0,42,5,4,139,NA,1,1
714801,0,0,0,50,7,5,162,NA,1,1
714802,1,0,0,44,2,2,97,0,0,0
714802,1,0,0,56,4,3,119,0,1,0
714802,1,0,0,51,6,4,143,0,1,0
715601,0,0,0,34,3,2,105,NA,0,5
715601,0,0,0,65,6,3,149,NA,1,4
715803,1,0,1,18,2,2,100,0,0,1
715803,1,0,1,27,3,3,124,0,0,0
715803,1,0,1,33,5,4,147,0,0,0
716601,1,0,2,48,2,2,95,0,1,2
716601,1,0,2,74,6,3,143,0,1,1
716601,1,0,2,75,8,4,167,1,1,1
716602,1,0,0,55,4,2,123,0,1,3
716602,1,0,0,69,6,3,147,0,1,2
716602,1,0,0,64,8,4,170,1,1,1
717002,1,0,0,26,2,2,99,0,0,1
717002,1,0,0,48,6,3,168,1,1,6
717003,0,0,5,32,2,2,105,NA,1,5
717003,0,0,5,34,5,3,135,NA,0,4
717901,0,0,4,34,4,3,128,NA,0,4
717901,0,0,4,38,7,4,154,NA,0,4
717902,0,0,0,25,3,2,99,NA,0,4
717902,0,0,0,45,4,3,125,NA,0,1
717902,0,0,0,49,8,4,168,NA,1,2
717903,1,0,1,26,2,2,105,0,0,1
717903,1,0,1,41,4,3,126,0,1,2
717903,1,0,1,47,7,4,149,0,1,2
718602,0,1,4,36,3,2,102,NA,0,0
718602,0,1,4,41,5,3,122,NA,1,4
718602,0,1,4,70,6,4,146,NA,1,0
718602,0,1,4,64,8,5,169,NA,1,4
722401,1,0,0,47,4,2,125,1,1,0
722401,1,0,0,51,6,3,149,1,1,4
722401,1,0,0,51,8,4,172,1,1,3
722803,0,1,1,57,4,2,130,NA,1,1
722803,0,1,1,58,6,3,154,NA,1,0
723501,1,0,0,34,2,2,102,0,0,1
723501,1,0,0,48,4,3,121,0,1,1
725801,1,0,0,27,3,2,97,0,0,0
725801,1,0,0,58,5,3,143,0,1,0
725903,0,1,6,20,3,2,112,NA,1,5
725903,0,1,6,29,6,3,142,NA,0,0
725903,0,1,6,26,8,4,161,NA,1,2
737702,0,0,0,31,3,2,112,NA,0,3
737702,0,0,0,48,4,3,134,NA,1,1
738201,0,0,0,25,2,2,86,NA,0,2
738201,0,0,0,40,4,3,111,NA,0,1
738201,0,0,0,54,5,4,132,NA,1,3
738201,0,0,0,47,7,5,155,NA,1,2
739002,0,0,0,26,2,2,101,NA,1,0
739002,0,0,0,34,4,3,123,NA,1,0
739002,0,0,0,43,6,4,148,NA,1,0
739002,0,0,0,43,8,5,173,NA,1,0
739102,1,0,0,25,2,2,93,0,0,0
739102,1,0,0,44,6,3,137,0,1,1
739301,1,0,1,24,2,2,99,0,1,1
739301,1,0,1,46,4,3,124,0,1,0
739301,1,0,1,47,8,4,171,1,1,1
739401,0,0,0,40,2,2,100,NA,1,1
739401,0,0,0,51,4,3,123,NA,1,0
739401,0,0,0,64,8,4,172,NA,1,0
739601,1,0,0,51,3,2,107,0,1,0
739601,1,0,0,51,5,3,131,0,1,0
742301,0,0,1,41,4,2,109,NA,1,0
742301,0,0,1,51,5,3,132,NA,1,1
743601,0,0,1,37,2,2,103,NA,0,2
743601,0,0,1,45,5,3,128,NA,0,1
743602,1,0,0,44,4,2,117,0,0,0
743602,1,0,0,35,5,3,135,0,1,0
743602,1,0,0,36,7,4,158,1,1,0
743801,0,1,0,30,3,2,110,NA,0,0
743801,0,1,0,48,5,3,135,NA,0,3
743801,0,1,0,49,6,4,146,NA,0,1
743802,1,0,0,26,2,2,105,0,0,1
743802,1,0,0,29,4,3,129,0,0,1
744102,1,1,5,14,2,2,111,0,0,3
744102,1,1,5,23,4,3,132,0,0,5
744102,1,1,5,42,5,4,155,1,0,NA
744103,1,0,0,40,6,3,136,0,0,0
744703,0,0,1,38,4,2,121,NA,0,3
744703,0,0,1,50,5,3,144,NA,0,4
744704,0,0,1,18,2,2,96,NA,0,2
744704,0,0,1,42,4,3,120,NA,0,3
744704,0,0,1,42,6,4,140,NA,1,3
745103,1,0,0,57,5,3,128,0,1,0
745103,1,0,0,59,7,4,152,1,1,1
745904,1,0,2,46,3,3,123,0,1,0
748003,0,0,0,42,3,2,110,NA,1,NA
748003,0,0,0,46,6,3,138,NA,0,1
748502,0,0,0,32,2,2,85,NA,0,0
748502,0,0,0,53,4,3,110,NA,0,0
748502,0,0,0,59,7,4,154,NA,1,1
749802,1,0,0,48,3,2,109,0,1,0
749802,1,0,0,68,5,3,133,0,1,0
749802,1,0,0,60,7,4,156,1,1,0
749803,1,0,0,46,3,2,116,0,1,1
749803,1,0,0,41,5,3,140,0,1,0
750104,1,0,4,21,2,2,103,0,1,2
750104,1,0,4,33,5,3,128,0,1,2
750404,0,0,0,48,3,2,112,NA,1,0
750404,0,0,0,51,5,3,136,NA,1,0
750404,0,0,0,48,7,4,160,NA,1,1
751001,0,0,1,29,3,2,105,NA,0,3
751001,0,0,1,41,5,3,130,NA,0,2
752003,1,0,1,42,2,2,99,0,1,0
752003,1,0,1,46,6,3,148,0,1,0
752501,0,0,0,35,2,2,101,NA,1,0
752501,0,0,0,43,4,3,126,NA,1,0
760102,1,0,0,34,2,2,93,0,1,1
760102,1,0,0,47,6,3,141,0,1,0
763603,0,0,1,29,2,2,116,NA,0,4
763603,0,0,1,42,5,3,142,NA,0,2
764503,1,0,1,45,4,2,130,0,1,4
764503,1,0,1,48,6,3,154,1,1,4
765702,1,0,0,48,3,2,116,0,1,0
765702,1,0,0,48,5,3,140,0,1,0
767901,1,0,1,37,2,2,93,NA,0,0
767901,1,0,1,52,5,3,137,1,1,0
771002,0,0,0,28,4,2,122,NA,0,4
771002,0,0,0,47,5,3,144,NA,1,3
771002,0,0,0,49,7,4,168,NA,1,3
775002,1,0,0,49,3,2,110,0,1,1
775002,1,0,0,60,5,3,134,0,1,0
778902,0,0,1,22,3,2,122,NA,0,1
778902,0,0,1,44,4,3,141,NA,1,1
778902,0,0,1,41,7,4,169,NA,0,2
778903,1,0,0,44,3,2,111,0,0,0
778903,1,0,0,45,4,3,131,0,1,0
778903,1,0,0,42,7,4,158,1,0,NA
783001,0,0,3,25,2,2,100,NA,0,6
783001,0,0,3,34,3,3,121,NA,1,4
783001,0,0,3,47,8,4,169,NA,1,3
783002,0,0,3,50,5,3,138,NA,1,1
783002,0,0,3,51,7,4,161,NA,1,NA
783301,0,0,4,44,3,2,116,NA,1,5
783301,0,0,4,65,5,3,140,NA,1,4
783502,1,0,2,34,2,2,99,0,0,0
783502,1,0,2,49,5,3,120,0,0,3
783602,1,0,1,35,2,2,101,0,1,2
783602,1,0,1,43,5,3,124,1,1,2
783801,1,0,0,31,3,2,97,0,0,0
783801,1,0,0,52,4,3,120,0,0,0
785601,1,0,0,37,2,2,94,NA,1,0
785601,1,0,0,56,6,3,142,1,1,1
786402,1,0,0,48,3,2,113,0,1,0
786402,1,0,0,58,6,3,140,0,0,NA
788302,0,0,5,25,3,2,104,NA,0,5
788302,0,0,5,30,4,3,125,NA,1,3
788303,1,0,3,14,2,2,90,0,0,4
788303,1,0,3,27,3,3,112,0,1,1
788303,1,0,3,47,7,4,159,1,1,3
792103,0,0,2,23,2,2,91,NA,0,1
792103,0,0,2,48,4,3,116,NA,0,0
792704,0,0,0,34,4,2,112,NA,0,2
792704,0,0,0,50,5,3,132,NA,1,0
792704,0,0,0,48,7,4,156,NA,1,1
793001,1,1,1,23,2,2,83,0,0,1
793001,1,1,1,48,4,3,107,0,0,NA
793001,1,1,1,61,7,4,152,1,1,0
794301,1,0,3,23,2,2,93,0,1,4
794301,1,0,3,24,4,3,117,0,1,6
794503,0,0,0,34,4,2,123,NA,1,0
794503,0,0,0,46,6,3,152,NA,0,2
794503,0,0,0,51,8,4,173,NA,1,1
795201,1,0,3,35,3,2,108,0,0,0
795201,1,0,3,40,5,3,128,0,1,2
795201,1,0,3,47,8,4,155,1,0,3
795901,1,0,1,41,2,2,94,0,1,0
795901,1,0,1,48,4,3,119,0,1,1
799803,0,0,0,63,3,2,112,NA,1,1
799803,0,0,0,66,5,3,135,NA,1,1
800602,1,0,0,50,4,2,122,0,1,0
800602,1,0,0,51,6,3,146,0,1,NA
804701,0,0,0,26,3,2,94,NA,0,1
804701,0,0,0,50,5,3,118,NA,0,0
804701,0,0,0,50,6,4,141,NA,0,1
804702,1,0,3,31,2,2,92,0,0,2
804702,1,0,3,48,3,3,115,0,0,4
804702,1,0,3,43,6,4,139,0,0,NA
809102,0,0,2,40,2,2,106,NA,0,3
809102,0,0,2,31,4,3,129,NA,0,2
809102,0,0,2,46,5,4,153,NA,0,3
809103,0,0,1,33,4,3,120,NA,0,1
809103,0,0,1,41,5,4,141,NA,1,2
809103,0,0,1,38,7,5,165,NA,1,7
809301,1,0,1,24,2,2,94,0,0,1
809301,1,0,1,46,3,3,118,0,0,4
809301,1,0,1,29,5,4,144,0,0,NA
810303,1,0,1,39,3,2,107,0,0,1
810303,1,0,1,49,4,3,128,0,0,2
811002,1,0,1,30,3,3,115,0,1,0
812504,0,0,1,45,3,3,116,NA,0,0
814101,0,0,0,33,2,2,91,NA,0,1
814101,0,0,0,40,4,3,114,NA,0,1
817402,1,0,0,40,3,2,118,0,0,5
817402,1,0,0,47,5,3,141,0,0,3
817402,1,0,0,47,7,4,165,1,0,1
817403,1,0,3,28,2,2,92,0,0,3
817403,1,0,3,39,4,3,116,0,0,1
817403,1,0,3,41,7,4,160,NA,1,4
817404,1,0,2,30,3,2,96,0,0,0
817404,1,0,2,41,5,3,141,0,1,4
817404,1,0,2,46,8,4,164,0,1,0
822602,0,0,1,39,2,2,88,NA,0,1
822602,0,0,1,61,5,3,131,NA,1,3
825702,0,0,5,24,3,2,107,NA,0,3
825702,0,0,5,44,6,3,151,NA,1,3
825902,1,0,6,22,2,2,93,0,1,2
825902,1,0,6,31,4,3,115,0,1,3
825903,0,0,2,33,2,2,94,NA,1,2
825903,0,0,2,47,6,3,146,NA,0,1
825903,0,0,2,50,7,4,167,NA,1,1
826503,1,0,0,37,2,2,96,0,1,3
826503,1,0,0,58,6,3,145,0,1,0
826503,1,0,0,55,8,4,168,1,1,2
826504,1,0,0,18,4,2,122,0,1,0
826504,1,0,0,24,6,3,145,0,1,3
826904,1,0,4,15,2,2,95,0,1,4
826904,1,0,4,20,4,3,118,0,1,4
826904,1,0,4,25,6,4,141,0,1,3
826905,0,0,4,21,2,2,90,NA,1,2
826905,0,0,4,29,4,3,113,NA,1,2
827101,1,0,1,45,4,2,112,0,0,0
827101,1,0,1,53,5,3,135,0,0,0
827302,0,0,3,24,2,2,97,NA,0,1
827302,0,0,3,40,4,3,121,NA,0,0
827302,0,0,3,46,5,4,145,NA,0,1
828302,1,0,0,44,3,2,110,0,0,2
828302,1,0,0,50,6,3,134,0,0,4
828302,1,0,0,63,8,4,158,1,0,6
828604,0,0,0,42,3,2,105,NA,1,1
828604,0,0,0,43,6,3,133,NA,0,0
828902,0,0,3,45,3,2,130,NA,1,0
828902,0,0,3,42,5,3,154,NA,1,3
828903,0,0,5,39,3,2,120,NA,1,3
828903,0,0,5,43,5,3,144,NA,1,4
828903,0,0,5,52,7,4,167,NA,1,0
828905,0,0,0,18,3,2,111,NA,1,2
828905,0,0,0,41,5,3,135,NA,1,2
828905,0,0,0,37,7,4,158,NA,1,1
829401,0,0,2,37,6,3,130,NA,1,1
829401,0,0,2,44,7,4,154,NA,1,0
829403,0,0,0,46,4,2,123,NA,1,1
829403,0,0,0,60,6,3,146,NA,1,2
833601,1,0,0,31,2,2,88,0,0,1
833601,1,0,0,46,5,3,132,0,1,1
834301,0,0,0,49,4,3,127,NA,0,5
834301,0,0,0,59,8,4,175,NA,0,NA
835202,1,0,2,45,3,2,105,0,1,3
835202,1,0,2,44,5,3,129,0,1,3
835703,0,0,2,37,4,2,114,NA,0,NA
835703,0,0,2,44,6,3,138,NA,0,0
835703,0,0,2,64,8,4,162,NA,0,2
837503,0,0,1,27,2,2,101,NA,1,3
837503,0,0,1,45,6,3,150,NA,1,1
837504,0,0,4,27,4,2,127,NA,1,4
837504,0,0,4,50,6,3,150,NA,1,5
837602,1,0,6,18,2,2,104,0,1,0
837602,1,0,6,31,4,3,128,0,1,0
838301,0,0,3,24,2,2,92,NA,0,1
838301,0,0,3,38,5,3,138,NA,1,2
838903,1,0,0,35,2,2,93,NA,1,0
838903,1,0,0,60,6,3,141,1,1,1
841601,0,0,3,41,3,2,106,NA,1,0
841601,0,0,3,44,5,3,130,NA,1,0
841601,0,0,3,63,7,4,153,NA,1,2
841602,0,0,0,37,2,2,98,NA,1,0
841602,0,0,0,45,4,3,121,NA,1,0
846301,1,0,0,50,2,2,98,0,0,0
846301,1,0,0,66,6,3,144,1,1,0
846301,1,0,0,72,8,4,168,1,1,0
847301,0,0,2,39,2,2,114,NA,0,1
847301,0,0,2,45,5,3,138,NA,0,2
847301,0,0,2,44,7,4,162,NA,0,NA
847302,0,0,0,47,4,2,111,NA,0,1
847302,0,0,0,53,5,3,135,NA,0,2
847302,0,0,0,60,7,4,160,NA,0,1
847701,0,0,0,59,4,2,125,NA,1,1
847701,0,0,0,65,6,3,148,NA,1,1
847901,1,0,0,32,2,2,98,0,0,0
847901,1,0,0,47,5,3,122,0,0,1
847902,0,0,0,26,2,2,104,NA,1,0
847902,0,0,0,42,4,3,128,NA,1,3
848201,1,0,0,35,2,2,94,0,1,1
848201,1,0,0,49,4,3,120,0,1,1
848201,1,0,0,67,6,4,144,1,1,0
849401,0,0,1,32,3,2,98,NA,0,2
849401,0,0,1,53,5,3,122,NA,0,2
849401,0,0,1,56,8,4,168,NA,1,2
853202,1,0,4,37,3,2,108,0,0,0
853202,1,0,4,45,5,3,130,0,1,3
853202,1,0,4,60,7,4,153,1,1,2
856103,0,0,2,30,3,2,94,NA,0,4
856103,0,0,2,37,4,3,113,NA,1,5
857003,0,0,6,40,4,2,132,NA,1,1
857003,0,0,6,43,6,3,155,NA,1,6
858302,0,0,1,34,2,2,97,NA,0,4
858302,0,0,1,43,5,3,145,NA,0,3
858302,0,0,1,50,8,4,168,NA,0,4
861503,0,0,0,23,2,2,93,NA,1,1
861503,0,0,0,42,4,3,117,NA,1,1
861503,0,0,0,52,7,4,140,NA,1,2
861803,1,0,1,21,2,2,92,0,0,NA
861803,1,0,1,46,3,3,114,0,0,NA
861803,1,0,1,48,5,4,137,0,0,1
862201,1,0,2,51,3,2,117,0,1,0
862201,1,0,2,54,5,3,139,0,1,1
863101,0,0,3,22,2,2,114,NA,1,1
863101,0,0,3,36,4,3,137,NA,1,3
863403,0,0,3,31,3,3,103,NA,1,2
863403,0,0,3,43,6,4,153,NA,1,2
864302,1,0,3,47,4,2,120,0,1,0
864302,1,0,3,54,6,3,144,1,1,2
866203,0,0,5,24,3,2,109,NA,0,1
866203,0,0,5,48,6,3,154,NA,1,2
866205,1,1,2,34,3,2,114,0,1,1
866205,1,1,2,47,5,3,136,0,1,4
866402,1,0,1,35,3,3,114,0,1,2
866402,1,0,1,48,5,4,136,0,1,3
867903,1,0,2,48,3,2,96,0,0,4
867903,1,0,2,59,4,3,116,0,1,4
867903,1,0,2,66,6,4,139,1,1,2
869001,1,0,0,24,2,2,96,0,0,4
869001,1,0,0,34,4,3,120,0,0,1
869501,1,0,6,35,4,2,114,0,0,7
869501,1,0,6,60,6,3,137,0,0,3
869601,1,0,1,26,3,2,113,0,0,2
869601,1,0,1,35,5,3,138,0,0,4
870803,0,0,0,67,6,3,140,NA,0,NA
878701,1,0,0,14,2,2,99,0,0,0
878701,1,0,0,19,3,3,122,0,0,2
879403,0,0,0,54,2,2,103,NA,1,0
879403,0,0,0,70,6,3,151,NA,1,2
879404,1,0,3,43,2,2,102,0,1,2
879404,1,0,3,48,4,3,126,0,1,3
885801,0,0,1,50,4,2,122,NA,1,2
885801,0,0,1,59,6,3,145,NA,1,2
885801,0,0,1,64,8,4,170,NA,1,0
885802,1,0,0,22,3,2,110,0,1,0
885802,1,0,0,23,5,3,135,1,1,0
885802,1,0,0,31,7,4,160,1,1,0
886401,1,0,3,47,3,2,96,0,0,4
886401,1,0,3,60,4,3,118,0,1,1
886401,1,0,3,61,6,4,141,0,1,4
886401,1,0,3,80,8,5,165,1,1,4
891202,0,0,0,31,3,2,97,NA,0,0
891202,0,0,0,53,6,3,142,NA,1,0
892601,1,0,1,27,3,2,108,0,0,3
892601,1,0,1,43,5,3,131,0,0,1
894201,1,0,2,32,3,2,108,0,0,1
894201,1,0,2,44,4,3,129,0,1,1
894201,1,0,2,47,7,4,157,1,0,1
894802,0,0,0,52,4,3,138,NA,1,0
894802,0,0,0,55,6,4,161,NA,1,0
894803,0,0,0,36,3,2,115,NA,0,0
894803,0,0,0,40,5,3,136,NA,1,2
894804,0,0,0,28,3,2,97,NA,0,0
894804,0,0,0,42,4,3,118,NA,1,0
894804,0,0,0,41,6,4,143,NA,1,0
894804,0,0,0,54,8,5,166,NA,1,0
897001,1,0,0,31,3,2,103,0,0,1
897001,1,0,0,45,5,3,125,0,1,2
897001,1,0,0,52,8,4,172,NA,1,2
905003,0,0,2,35,4,2,122,NA,1,2
905003,0,0,2,46,6,3,146,NA,1,3
905003,0,0,2,46,8,4,170,NA,1,3
907001,1,0,0,44,3,2,115,0,1,3
907001,1,0,0,47,6,3,140,0,1,4
908102,0,0,5,31,2,2,90,NA,0,3
908102,0,0,5,43,4,3,116,NA,0,2
910103,1,0,4,23,2,2,104,0,1,8
910103,1,0,4,34,4,3,128,0,1,3
911701,0,0,4,31,2,2,89,NA,0,3
911701,0,0,4,46,4,3,114,NA,0,4
911701,0,0,4,54,6,4,137,NA,0,3
914402,1,0,1,48,3,2,109,0,1,1
914402,1,0,1,51,5,3,134,0,1,2
918002,0,0,1,45,4,2,112,NA,0,1
918002,0,0,1,49,5,3,136,NA,0,2
918201,1,0,0,45,4,2,116,0,0,0
918201,1,0,0,53,6,3,140,0,0,1
918202,1,0,0,40,3,2,98,0,0,1
918202,1,0,0,47,5,3,121,0,0,0
918301,0,0,4,33,3,2,104,NA,0,3
918301,0,0,4,62,6,3,149,NA,1,4
922901,1,0,2,49,3,2,107,0,1,2
922901,1,0,2,49,5,3,131,0,1,3
925503,1,1,0,40,4,2,123,0,1,3
925503,1,1,0,49,6,3,147,1,1,5
925503,1,1,0,56,8,4,170,1,1,8
925504,1,1,0,30,2,2,110,0,1,0
925504,1,1,0,35,5,3,134,0,1,0
925701,0,0,2,47,5,3,136,NA,0,1
926102,1,0,0,24,3,2,121,0,0,1
926102,1,0,0,39,6,3,143,0,0,0
928101,0,0,4,40,4,2,115,NA,0,4
928101,0,0,4,45,6,3,138,NA,0,5
929805,0,0,0,41,3,2,105,NA,1,0
929805,0,0,0,51,5,3,128,NA,1,0
931202,0,0,2,45,3,2,100,NA,0,2
931202,0,0,2,50,5,3,125,NA,0,1
931202,0,0,2,80,8,4,169,NA,1,1
931703,0,0,1,20,2,2,90,NA,0,3
931703,0,0,1,49,5,3,135,NA,1,2
938001,0,0,1,26,2,2,98,NA,1,1
938001,0,0,1,46,4,3,122,NA,1,1
938001,0,0,1,54,8,4,170,NA,1,1
938002,1,0,2,31,2,2,101,0,1,1
938002,1,0,2,44,6,3,150,0,1,0
938205,0,1,0,36,2,2,99,NA,1,0
938205,0,1,0,50,4,3,123,NA,1,0
940103,0,0,1,47,6,3,140,NA,0,0
951602,0,0,1,27,2,2,101,NA,0,1
951602,0,0,1,42,8,4,170,NA,1,2
952201,1,0,2,31,3,2,99,0,0,4
952201,1,0,2,39,5,3,122,0,0,2
964101,1,0,3,39,2,2,96,0,1,5
964101,1,0,3,49,4,3,121,0,1,5
964102,1,1,3,48,2,2,96,0,1,3
964102,1,1,3,50,4,3,121,0,1,3
966001,0,0,4,59,4,2,121,NA,1,3
966001,0,0,4,65,6,3,145,NA,1,3
968001,0,0,1,50,3,3,117,NA,1,2
968001,0,0,1,44,5,4,140,NA,1,3
968001,0,0,1,46,7,5,163,NA,1,3
968002,1,0,3,24,2,2,96,0,1,2
968002,1,0,3,43,4,3,120,0,1,4
968002,1,0,3,48,5,4,143,1,1,3
968003,0,0,3,22,2,2,100,NA,1,3
968003,0,0,3,48,5,3,149,NA,1,2
968401,1,0,0,37,3,2,96,0,0,1
968401,1,0,0,46,5,3,120,0,0,1
968401,1,0,0,59,6,4,141,1,1,1
968402,1,0,0,58,5,3,137,1,1,1
968402,1,0,0,74,7,4,161,1,1,1
976803,0,0,4,40,6,3,163,NA,1,2
982001,1,0,1,36,3,2,111,0,1,2
982001,1,0,1,39,6,3,135,1,1,3
983703,1,0,3,39,3,2,97,0,0,3
983703,1,0,3,50,5,3,121,0,0,NA
983902,1,0,0,37,3,2,94,0,0,0
983902,1,0,0,46,5,3,118,0,0,2
983902,1,0,0,54,6,4,139,0,1,1
983903,0,0,1,28,2,2,101,NA,1,1
983903,0,0,1,51,5,3,128,NA,0,2
983903,0,0,1,47,7,4,155,NA,0,1
984402,1,0,2,39,4,2,112,0,0,3
984402,1,0,2,46,6,3,133,0,1,2
984404,0,0,3,41,3,3,107,NA,1,NA
984404,0,0,3,52,8,4,160,NA,0,3
985802,0,0,2,32,3,2,101,NA,0,0
985802,0,0,2,44,5,3,123,NA,0,1
985802,0,0,2,51,8,4,168,NA,1,3
985803,0,0,2,42,2,2,104,NA,1,3
985803,0,0,2,45,4,3,127,NA,1,2
986203,0,0,1,39,3,2,102,NA,1,1
986203,0,0,1,43,6,3,130,NA,0,1
986203,0,0,1,42,8,4,155,NA,0,1
986505,0,0,0,46,3,3,110,NA,1,0
986505,0,0,0,48,5,4,134,NA,1,0
986505,0,0,0,47,7,5,159,NA,1,2
986506,0,0,3,39,2,2,104,NA,1,0
986506,0,0,3,38,4,3,129,NA,1,0
986506,0,0,3,36,6,4,153,NA,1,NA
987401,1,0,0,18,2,2,93,0,1,0
987401,1,0,0,43,4,3,118,0,1,NA
987701,0,0,0,29,2,2,90,NA,0,2
987701,0,0,0,44,5,3,134,NA,1,0
987701,0,0,0,44,7,4,156,NA,1,0
988701,1,0,0,27,2,2,101,0,0,2
988701,1,0,0,30,3,3,122,0,0,1
989201,1,0,0,44,5,3,141,0,1,NA
989201,1,0,0,46,7,4,165,1,1,1
989503,1,0,0,30,3,2,98,0,0,3
989503,1,0,0,40,5,3,120,0,0,2
989503,1,0,0,45,7,4,144,1,0,3
992201,0,0,1,37,3,2,99,NA,0,3
992201,0,0,1,59,5,3,121,NA,0,1
992201,0,0,1,52,7,4,147,NA,0,1
993803,0,0,0,43,3,2,118,NA,1,1
993803,0,0,0,53,6,3,147,NA,0,1
993803,0,0,0,60,7,4,167,NA,1,1
995101,1,0,0,18,3,2,103,0,0,1
995101,1,0,0,19,4,3,126,0,0,2
995101,1,0,0,38,7,4,171,0,1,1
995102,0,0,1,17,2,2,110,NA,0,2
995102,0,0,1,31,6,3,154,NA,1,0
995304,0,0,2,43,3,3,112,NA,1,0
997002,1,0,0,23,2,2,104,0,1,2
997002,1,0,0,40,4,3,127,0,1,3
998001,0,0,3,47,3,2,104,NA,0,3
998001,0,0,3,45,5,3,128,NA,0,3
999202,0,0,0,28,2,2,93,NA,1,0
999202,0,0,0,42,4,3,117,NA,1,0
999202,0,0,0,42,6,4,141,NA,1,1
999203,0,0,0,34,2,2,100,NA,1,0
999203,0,0,0,42,4,3,124,NA,1,0
999203,0,0,0,49,8,4,172,NA,1,0
1002601,1,0,1,20,2,2,100,0,0,0
1002601,1,0,1,29,5,3,125,0,0,1
1002601,1,0,1,42,8,4,174,1,0,2
1003202,1,0,2,28,3,2,105,0,0,3
1003202,1,0,2,45,5,3,129,0,0,1
1003202,1,0,2,47,6,4,149,0,1,0
1003203,1,0,4,26,3,2,101,0,0,3
1003203,1,0,4,38,4,3,121,0,1,1
1003203,1,0,4,40,7,4,145,0,1,2
1003204,0,0,4,28,3,3,108,NA,1,5
1003601,0,0,1,50,4,2,114,NA,0,6
1003601,0,0,1,53,6,3,137,NA,0,2
1003802,1,0,0,44,3,2,112,0,0,0
1003802,1,0,0,67,6,3,138,0,0,1
1004802,0,0,0,28,3,3,102,NA,1,2
1004802,0,0,0,49,7,4,152,NA,1,2
1004903,0,0,2,15,2,2,92,NA,1,1
1004903,0,0,2,48,4,3,115,NA,1,2
1005201,0,0,0,31,3,2,105,NA,0,0
1005201,0,0,0,41,5,3,128,NA,0,0
1005203,1,0,0,47,3,2,105,0,1,0
1005203,1,0,0,59,5,3,129,0,1,0
1007201,1,0,2,47,4,2,112,0,0,0
1007201,1,0,2,45,6,3,133,1,1,2
1007201,1,0,2,56,7,4,156,1,1,1
1007301,1,0,1,12,2,2,97,0,1,2
1007301,1,0,1,37,4,3,120,0,1,2
1007301,1,0,1,44,8,4,169,1,1,3
1007302,1,0,4,15,2,2,97,0,1,1
1007302,1,0,4,41,6,3,146,0,1,1
1007901,1,0,0,30,3,2,103,0,1,1
1007901,1,0,0,50,4,3,127,0,1,0
1013201,1,0,1,25,3,2,99,0,0,4
1013201,1,0,1,36,5,3,124,1,0,2
1017504,1,0,0,14,3,2,104,0,0,0
1017504,1,0,0,33,6,3,148,0,1,1
1017504,1,0,0,49,8,4,171,1,1,0
1018402,0,0,3,27,3,2,105,NA,0,1
1018402,0,0,3,44,6,3,152,NA,0,4
1018404,0,0,2,40,4,2,135,NA,1,3
1018404,0,0,2,48,6,3,159,NA,1,NA
1019104,0,1,2,46,4,2,134,NA,1,2
1019104,0,1,2,47,6,3,159,NA,1,4
1019105,1,1,2,29,4,2,134,0,1,1
1019105,1,1,2,45,6,3,159,1,1,1
1023702,0,1,1,42,3,2,114,NA,1,2
1023702,0,1,1,54,6,3,142,NA,0,2
1023702,0,1,1,57,7,4,163,NA,1,1
1030801,1,0,1,57,5,3,115,0,1,1
1031001,1,0,1,31,2,2,88,0,0,0
1031001,1,0,1,54,3,3,110,0,0,0
1031001,1,0,1,66,6,4,135,0,0,0
1031001,1,0,1,71,7,5,156,0,1,2
1031002,0,0,0,43,4,3,113,NA,0,1
1031002,0,0,0,54,5,4,133,NA,1,1
1031002,0,0,0,68,7,5,157,NA,1,0
1031302,0,0,4,20,2,2,94,NA,1,6
1031302,0,0,4,38,4,3,117,NA,1,3
1033202,1,1,1,15,2,2,109,0,1,3
1033202,1,1,1,37,3,3,133,0,1,NA
1033601,1,0,3,30,3,2,108,0,0,0
1033601,1,0,3,40,4,3,128,0,1,1
1034001,0,0,1,30,2,2,102,NA,0,0
1034001,0,0,1,40,4,3,126,NA,0,0
1034001,0,0,1,43,6,4,150,NA,0,2
1034001,0,0,1,48,8,5,174,NA,0,0
1036001,0,0,0,25,3,2,101,NA,0,0
1036001,0,0,0,63,6,3,145,NA,1,0
1036003,0,0,1,42,4,2,115,NA,0,0
1036003,0,0,1,45,6,3,135,NA,1,0
1037502,0,0,1,29,2,2,90,NA,0,2
1037502,0,0,1,48,6,3,138,NA,0,0
1040101,1,1,0,40,3,2,111,0,1,1
1040101,1,1,0,62,5,3,134,0,1,1
1042101,1,0,0,30,3,2,99,0,0,0
1042101,1,0,0,48,4,3,121,0,0,2
1042101,1,0,0,43,7,4,147,0,0,1
1042201,0,0,1,30,3,2,107,NA,0,5
1042201,0,0,1,41,5,3,131,NA,0,1
1044801,0,0,4,37,2,2,94,NA,1,4
1044801,0,0,4,52,4,3,117,NA,1,4
1047801,1,0,1,30,2,2,98,0,1,0
1047801,1,0,1,46,4,3,123,0,1,1
1047801,1,0,1,45,6,4,147,0,1,0
1050001,1,0,0,32,3,2,101,0,0,0
1050001,1,0,0,42,4,3,121,0,1,0
1050001,1,0,0,48,6,4,145,0,1,NA
1050701,1,0,2,19,3,2,95,0,0,1
1050701,1,0,2,52,6,3,139,0,1,1
1050701,1,0,2,57,8,4,163,1,1,1
1053201,0,0,3,43,3,2,113,NA,1,2
1053201,0,0,3,48,6,3,139,NA,0,3
1053202,0,0,4,29,2,2,99,0,1,3
1053202,0,0,4,35,5,3,125,NA,0,5
1053802,0,0,1,22,2,2,102,NA,1,2
1053802,0,0,1,46,4,3,125,NA,1,4
1053804,1,0,1,26,3,2,100,NA,0,NA
1053804,1,0,1,35,4,3,119,NA,1,NA
1053804,1,0,1,42,6,4,143,1,1,3
1056501,1,0,1,35,4,2,116,0,0,3
1056501,1,0,1,47,6,3,141,0,0,1
1081101,0,0,1,37,4,2,121,NA,0,3
1081101,0,0,1,44,6,3,144,NA,0,3
1081103,0,0,2,32,3,2,107,NA,0,2
1081103,0,0,2,50,6,3,152,NA,1,2
1176403,1,0,0,38,3,2,103,0,1,0
1176403,1,0,0,40,6,3,130,0,0,0
1176502,0,0,0,24,2,2,98,NA,1,NA
1176502,0,0,0,46,5,3,125,NA,0,0
1179201,0,0,3,44,3,2,97,NA,0,8
1179201,0,0,3,54,5,3,121,NA,0,5
1179201,0,0,3,53,7,4,145,NA,0,5
1179202,0,0,3,33,2,2,90,NA,0,4
1179202,0,0,3,50,4,3,114,NA,0,2
1179202,0,0,3,47,6,4,139,NA,0,2
1179202,0,0,3,63,7,5,158,NA,1,3
1180202,1,0,3,35,2,2,92,NA,1,2
1180202,1,0,3,53,6,3,142,1,1,3
1180202,1,0,3,48,8,4,165,1,1,1
1181201,1,0,7,25,2,2,103,0,1,5
1181201,1,0,7,26,5,3,128,0,1,4
1181902,0,0,4,35,3,2,105,NA,1,7
1181902,0,0,4,45,6,3,130,NA,1,6
1181904,1,0,0,28,3,2,98,0,1,2
1181904,1,0,0,42,6,3,146,0,1,1
1181904,1,0,0,52,8,4,169,1,1,0
1182604,1,0,2,38,3,2,98,0,0,2
1182604,1,0,2,47,6,3,143,1,1,0
1185003,0,0,0,14,2,2,96,0,0,2
1185003,0,0,0,40,5,3,142,NA,1,3
1185003,0,0,0,44,7,4,165,NA,1,3
1187001,0,0,4,49,3,2,109,NA,1,2
1187001,0,0,4,50,5,3,134,NA,1,3
1187001,0,0,4,55,7,4,159,NA,1,4
1187303,0,0,3,51,4,2,118,NA,1,2
1187303,0,0,3,63,6,3,141,NA,1,1
1189901,1,1,3,51,4,2,110,0,1,2
1189901,1,1,3,62,5,3,133,0,1,2
1189901,1,1,3,67,7,4,157,1,1,3
1190501,1,0,1,38,4,2,118,0,0,1
1190501,1,0,1,51,6,3,141,0,0,4
1190501,1,0,1,50,7,4,162,1,1,3
1191001,1,0,0,45,4,2,119,0,1,0
1191001,1,0,0,59,6,3,142,0,1,1
1191901,0,0,0,44,3,2,107,NA,1,1
1191901,0,0,0,58,5,3,131,NA,1,1
1194901,1,0,0,23,2,2,96,0,1,1
1194901,1,0,0,42,4,3,120,0,1,0
1194901,1,0,0,61,6,4,144,0,1,0
1194901,1,0,0,64,8,5,167,1,1,0
1197902,0,0,4,21,2,2,86,NA,0,4
1197902,0,0,4,44,6,3,132,NA,0,4
1197902,0,0,4,43,7,4,153,NA,1,NA
1198101,0,0,2,36,3,2,98,NA,0,2
1198101,0,0,2,40,4,3,121,NA,0,0
1198901,0,0,1,52,2,2,94,NA,0,2
1198901,0,0,1,67,3,3,114,NA,1,2
1198901,0,0,1,63,5,4,136,NA,1,2
1201701,0,0,3,44,4,2,113,NA,0,2
1201701,0,0,3,43,5,3,133,NA,1,3
1201702,0,0,2,34,2,2,95,NA,0,1
1201702,0,0,2,44,3,3,115,NA,1,0
1201702,0,0,2,48,8,4,163,NA,1,0
1203201,1,1,3,44,3,2,114,0,1,2
1203201,1,1,3,42,5,3,137,0,1,3
1203201,1,1,3,49,8,4,166,1,0,2
1205201,0,0,1,28,4,2,112,NA,0,1
1205201,0,0,1,53,6,3,138,NA,0,1
1207601,1,0,4,49,3,2,115,0,1,4
1207601,1,0,4,56,5,3,138,0,1,3
1209201,1,0,1,44,4,2,113,0,1,0
1209201,1,0,1,45,5,3,136,0,1,0
1211502,1,0,0,40,2,2,94,0,0,0
1211502,1,0,0,60,3,3,115,0,1,0
1211502,1,0,0,58,5,4,139,0,1,1
1211503,0,0,1,49,3,3,110,NA,1,1
1212303,0,0,1,37,3,2,110,NA,0,2
1212303,0,0,1,44,5,3,133,NA,0,2
1212303,0,0,1,56,6,4,158,NA,0,0
1213501,1,1,3,15,2,2,86,NA,0,2
1213501,1,1,3,64,6,3,155,NA,1,1
1217202,0,0,1,46,4,2,117,NA,0,NA
1217202,0,0,1,46,6,3,141,NA,0,2
1217202,0,0,1,46,8,4,162,NA,1,0
1217204,1,0,1,26,3,2,109,0,0,0
1217204,1,0,1,43,4,3,129,0,1,0
1217702,0,0,2,32,3,2,101,NA,1,0
1217704,0,0,0,50,6,3,149,NA,1,0
1219103,1,1,1,32,3,2,111,0,1,5
1219103,1,1,1,35,5,3,136,0,1,0
1219103,1,1,1,51,8,4,163,1,0,6
1219105,0,0,4,25,5,3,133,NA,0,5
1219105,0,0,4,42,6,4,154,NA,1,5
1219106,0,1,0,21,4,2,119,NA,0,1
1219106,0,1,0,37,5,3,140,NA,1,1
1219108,0,0,2,50,4,3,132,NA,1,0
1219108,0,0,2,64,6,4,154,NA,1,2
1221003,0,0,0,37,2,2,101,NA,1,0
1221003,0,0,0,52,6,3,149,NA,1,0
1221702,0,0,2,44,5,3,139,NA,1,0
1224001,1,0,1,50,3,2,111,0,1,0
1224001,1,0,1,46,6,3,134,0,1,1
1225402,1,0,0,33,2,2,108,0,1,0
1225402,1,0,0,43,4,3,131,0,1,0
1228103,1,0,0,40,3,3,111,0,1,0
1230302,0,0,1,26,2,2,92,NA,0,0
1230302,0,0,1,26,4,3,116,NA,0,0
1230302,0,0,1,42,6,4,166,NA,0,0
1256601,0,0,0,29,4,2,113,NA,0,2
1256601,0,0,0,44,6,3,137,NA,0,1
1256601,0,0,0,47,7,4,159,NA,0,1
